Copyright(C) TOSHIBA CORPORATION 1997  All rights reserved
Thu Apr 10 18:21:27 2008

TLCS-870/C Relocatable Assembler (32) V1.0b  [Page     1]  1508CP0.lst
Runtime option : asm870c -g -l -zc -XE -lf 1508CP0.lst -GN 1508CP0 -O1 -o E:\PR_telremo\8603Mv2.BLD\USER\PRODUCT\1508CP0.rel -$ 1508CP0.asm

Location  Object                     Ins   Line Source Statement

                                 +0    1      1 ; TLCS-870/C C Compiler - Driver(32) Version 1.51 
                                 +0    2      2 ; Option : -$ -f E:\PR_telremo\8603Mv2.BLD\SYSTEM\PROJ\8603Mv2.OPL
                                 +0    3      3 ; TLCS-870/C C Compiler - Parser (32) Version 1.8r.12.06
                                 +0    4      4 ; Option: -g -XS4
                                 +0    5      5 ; TLCS-870/C C Compiler - Code Generator (32) Version 1.8r.a113
                                 +0    6      6 ; Option: -g -O -XS4 
                                 +0    7      7 ; TLCS-870/C C Compiler - Package (32) Version 1.10
                                 +0    8      8 ; Copyright(C) 1997-1999 TOSHIBA CORPORATION  All rights reserved
                                 +0    9      9 	module _1508CP0_c
                                 +0   10     10 	symbol_a "1.8r",54,411,2
                                 +0   11     11 	file "E:\PR_telremo\1508CP0.c",0,0,0
                                 +0   12     12 	symbol_a "_C870C_VERSION",16,0,1
                                 +0   13     13 	symbol_a "110",16,0,2
                                 +0   14     14 	file "E:\PR_telremo\IOSFR807.h",0,0,0
                                 +0   15     15 	symbol_t 65,gu,0,1
                                 +0   16     16 	symbol_t 66,O,65,1
                                 +0   17     17 	symbol_t 67,gu,1,1
                                 +0   18     18 	symbol_t 68,O,67,1
                                 +0   19     19 	symbol_t 69,gu,2,1
                                 +0   20     20 	symbol_t 70,O,69,1
                                 +0   21     21 	symbol_t 71,gu,3,1
                                 +0   22     22 	symbol_t 72,O,71,1
                                 +0   23     23 	symbol_t 73,gu,4,1
                                 +0   24     24 	symbol_t 74,O,73,1
                                 +0   25     25 	symbol_t 75,gu,5,1
                                 +0   26     26 	symbol_t 76,O,75,1
                                 +0   27     27 	symbol_t 77,gu,6,1
                                 +0   28     28 	symbol_t 78,O,77,1
                                 +0   29     29 	symbol_t 79,gu,7,1
                                 +0   30     30 	symbol_t 80,O,79,1
                                 +0   31     31 	symbol_t 64,S,"byte_format",1,8,"bit7",65,7,"bit6",67,6,"bit5",69,5,"bit4",71,4,"bit3",73,3,"bit2",75,2,"bit1",77,1,"bit0",79,0
                                 +0   32     32 	symbol_t 81,O,64,1
                                 +0   33     33 	symbol_t 82,T,"byte_field",64,0
                                 +0   34     34 	symbol_t 84,O,82,1
                                 +0   35     35 	symbol_t 83,U,"io_format",1,2,"io_byte",3,0,"io_bit",82,0
                                 +0   36     36 	symbol_t 85,O,83,1
                                 +0   37     37 	symbol_t 86,T,"io_field",83,0
                                 +0   38     38 	symbol_t 87,nv,3,0
                                 +0   39     39 	symbol_t 88,O,87,1
                                 +0   40     40 	symbol_t 89,nv,82,0
                                 +0   41     41 	symbol_t 90,O,89,1
                                 +0   42     42 	symbol_t 91,nv,65,0
                                 +0   43     43 	symbol_t 92,O,91,1
                                 +0   44     44 	symbol_t 93,nv,67,0
                                 +0   45     45 	symbol_t 94,O,93,1
                                 +0   46     46 	symbol_t 95,nv,69,0
                                 +0   47     47 	symbol_t 96,O,95,1
                                 +0   48     48 	symbol_t 97,nv,71,0
                                 +0   49     49 	symbol_t 98,O,97,1
                                 +0   50     50 	symbol_t 99,nv,73,0
                                 +0   51     51 	symbol_t 100,O,99,1
                                 +0   52     52 	symbol_t 101,nv,75,0
                                 +0   53     53 	symbol_t 102,O,101,1
                                 +0   54     54 	symbol_t 103,nv,77,0
                                 +0   55     55 	symbol_t 104,O,103,1
                                 +0   56     56 	symbol_t 105,nv,79,0
                                 +0   57     57 	symbol_t 106,O,105,1
                                 +0   58     58 	symbol_t 107,nv,86,0
                                 +0   59     59 	symbol_t 108,O,107,1
                                 +0   60     60 	symbol_n "P0DR",107,4,0
                                 +0   61     61 io_P0DR section data abs=0x0
                                 +0   62     62 	symbol_a "P0DR",10,1,0
                                 +0   63     63 	public _P0DR
00000000                         +0   64     64 _P0DR:
00000000                         +0   65     65 	dsb 1
                                 +0   66     66 	symbol_a "OP0",16,1,1
                                 +0   67     67 	symbol_a "P0DR.io_byte",16,1,2
                                 +0   68     68 	symbol_a "OP00",16,2,1
                                 +0   69     69 	symbol_a "P0DR.io_bit.bit0",16,2,2
                                 +0   70     70 	symbol_a "OP01",16,3,1
                                 +0   71     71 	symbol_a "P0DR.io_bit.bit1",16,3,2
                                 +0   72     72 	symbol_a "OP02",16,4,1
                                 +0   73     73 	symbol_a "P0DR.io_bit.bit2",16,4,2
                                 +0   74     74 	symbol_a "OP03",16,5,1
                                 +0   75     75 	symbol_a "P0DR.io_bit.bit3",16,5,2
                                 +0   76     76 	symbol_a "OP04",16,6,1
                                 +0   77     77 	symbol_a "P0DR.io_bit.bit4",16,6,2
                                 +0   78     78 	symbol_a "OP05",16,7,1
                                 +0   79     79 	symbol_a "P0DR.io_bit.bit5",16,7,2
                                 +0   80     80 	symbol_a "OP06",16,8,1
                                 +0   81     81 	symbol_a "P0DR.io_bit.bit6",16,8,2
                                 +0   82     82 	symbol_a "OP07",16,9,1
                                 +0   83     83 	symbol_a "P0DR.io_bit.bit7",16,9,2
                                 +0   84     84 	symbol_t 109,nv,86,0
                                 +0   85     85 	symbol_t 110,O,109,1
                                 +0   86     86 	symbol_n "P1DR",109,4,0
                                 +0   87     87 io_P1DR section data abs=0x1
                                 +0   88     88 	symbol_a "P1DR",10,1,1
                                 +0   89     89 	public _P1DR
00000001                         +0   90     90 _P1DR:
00000001                         +0   91     91 	dsb 1
                                 +0   92     92 	symbol_a "OP1",16,10,1
                                 +0   93     93 	symbol_a "P1DR.io_byte",16,10,2
                                 +0   94     94 	symbol_a "IP1",16,11,1
                                 +0   95     95 	symbol_a "P1DR.io_byte",16,11,2
                                 +0   96     96 	symbol_a "OP10",16,12,1
                                 +0   97     97 	symbol_a "P1DR.io_bit.bit0",16,12,2
                                 +0   98     98 	symbol_a "OP11",16,13,1
                                 +0   99     99 	symbol_a "P1DR.io_bit.bit1",16,13,2
                                 +0  100    100 	symbol_a "OP12",16,14,1
                                 +0  101    101 	symbol_a "P1DR.io_bit.bit2",16,14,2
                                 +0  102    102 	symbol_a "OP13",16,15,1
                                 +0  103    103 	symbol_a "P1DR.io_bit.bit3",16,15,2
                                 +0  104    104 	symbol_a "OP14",16,16,1
                                 +0  105    105 	symbol_a "P1DR.io_bit.bit4",16,16,2
                                 +0  106    106 	symbol_a "OP15",16,17,1
                                 +0  107    107 	symbol_a "P1DR.io_bit.bit5",16,17,2
                                 +0  108    108 	symbol_a "OP16",16,18,1
                                 +0  109    109 	symbol_a "P1DR.io_bit.bit6",16,18,2
                                 +0  110    110 	symbol_a "OP17",16,19,1
                                 +0  111    111 	symbol_a "P1DR.io_bit.bit7",16,19,2
                                 +0  112    112 	symbol_t 111,nv,86,0
                                 +0  113    113 	symbol_t 112,O,111,1
                                 +0  114    114 	symbol_n "P2DR",111,4,0
                                 +0  115    115 io_P2DR section data abs=0x2
                                 +0  116    116 	symbol_a "P2DR",10,1,2
                                 +0  117    117 	public _P2DR
00000002                         +0  118    118 _P2DR:
00000002                         +0  119    119 	dsb 1
                                 +0  120    120 	symbol_a "OP2",16,20,1
                                 +0  121    121 	symbol_a "P2DR.io_byte",16,20,2
                                 +0  122    122 	symbol_a "OP20",16,21,1
                                 +0  123    123 	symbol_a "P2DR.io_bit.bit0",16,21,2
                                 +0  124    124 	symbol_a "OP21",16,22,1
                                 +0  125    125 	symbol_a "P2DR.io_bit.bit1",16,22,2
                                 +0  126    126 	symbol_a "OP22",16,23,1
                                 +0  127    127 	symbol_a "P2DR.io_bit.bit2",16,23,2
                                 +0  128    128 	symbol_t 113,nv,86,0
                                 +0  129    129 	symbol_t 114,O,113,1
                                 +0  130    130 	symbol_n "P3DR",113,4,0
                                 +0  131    131 io_P3DR section data abs=0x3
                                 +0  132    132 	symbol_a "P3DR",10,1,3
                                 +0  133    133 	public _P3DR
00000003                         +0  134    134 _P3DR:
00000003                         +0  135    135 	dsb 1
                                 +0  136    136 	symbol_a "OP3",16,24,1
                                 +0  137    137 	symbol_a "P3DR.io_byte",16,24,2
                                 +0  138    138 	symbol_a "OP30",16,25,1
                                 +0  139    139 	symbol_a "P3DR.io_bit.bit0",16,25,2
                                 +0  140    140 	symbol_a "OP31",16,26,1
                                 +0  141    141 	symbol_a "P3DR.io_bit.bit1",16,26,2
                                 +0  142    142 	symbol_a "OP32",16,27,1
                                 +0  143    143 	symbol_a "P3DR.io_bit.bit2",16,27,2
                                 +0  144    144 	symbol_a "OP33",16,28,1
                                 +0  145    145 	symbol_a "P3DR.io_bit.bit3",16,28,2
                                 +0  146    146 	symbol_a "OP34",16,29,1
                                 +0  147    147 	symbol_a "P3DR.io_bit.bit4",16,29,2
                                 +0  148    148 	symbol_a "OP35",16,30,1
                                 +0  149    149 	symbol_a "P3DR.io_bit.bit5",16,30,2
                                 +0  150    150 	symbol_a "OP36",16,31,1
                                 +0  151    151 	symbol_a "P3DR.io_bit.bit6",16,31,2
                                 +0  152    152 	symbol_a "OP37",16,32,1
                                 +0  153    153 	symbol_a "P3DR.io_bit.bit7",16,32,2
                                 +0  154    154 	symbol_t 115,nv,86,0
                                 +0  155    155 	symbol_t 116,O,115,1
                                 +0  156    156 	symbol_n "P1CR",115,4,0
                                 +0  157    157 io_P1CR section data abs=0x9
                                 +0  158    158 	symbol_a "P1CR",10,1,9
                                 +0  159    159 	public _P1CR
00000009                         +0  160    160 _P1CR:
00000009                         +0  161    161 	dsb 1
                                 +0  162    162 	symbol_a "P1DDR",16,33,1
                                 +0  163    163 	symbol_a "P1CR.io_byte",16,33,2
                                 +0  164    164 	symbol_t 117,nv,86,0
                                 +0  165    165 	symbol_t 118,O,117,1
                                 +0  166    166 	symbol_n "P3CR",117,4,0
                                 +0  167    167 io_P3CR section data abs=0xa
                                 +0  168    168 	symbol_a "P3CR",10,1,10
                                 +0  169    169 	public _P3CR
0000000A                         +0  170    170 _P3CR:
0000000A                         +0  171    171 	dsb 1
                                 +0  172    172 	symbol_a "P3DDR",16,34,1
                                 +0  173    173 	symbol_a "P3CR.io_byte",16,34,2
                                 +0  174    174 	symbol_a "P3DDR0",16,35,1
                                 +0  175    175 	symbol_a "P3CR.io_bit.bit0",16,35,2
                                 +0  176    176 	symbol_a "P3DDR1",16,36,1
                                 +0  177    177 	symbol_a "P3CR.io_bit.bit1",16,36,2
                                 +0  178    178 	symbol_a "P3DDR2",16,37,1
                                 +0  179    179 	symbol_a "P3CR.io_bit.bit2",16,37,2
                                 +0  180    180 	symbol_a "P3DDR3",16,38,1
                                 +0  181    181 	symbol_a "P3CR.io_bit.bit3",16,38,2
                                 +0  182    182 	symbol_a "P3DDR4",16,39,1
                                 +0  183    183 	symbol_a "P3CR.io_bit.bit4",16,39,2
                                 +0  184    184 	symbol_a "P3DDR5",16,40,1
                                 +0  185    185 	symbol_a "P3CR.io_bit.bit5",16,40,2
                                 +0  186    186 	symbol_a "P3DDR6",16,41,1
                                 +0  187    187 	symbol_a "P3CR.io_bit.bit6",16,41,2
                                 +0  188    188 	symbol_a "P3DDR7",16,42,1
                                 +0  189    189 	symbol_a "P3CR.io_bit.bit7",16,42,2
                                 +0  190    190 	symbol_t 119,nv,86,0
                                 +0  191    191 	symbol_t 120,O,119,1
                                 +0  192    192 	symbol_n "P0OUTCR",119,4,0
                                 +0  193    193 io_P0OUTCR section data abs=0xb
                                 +0  194    194 	symbol_a "P0OUTCR",10,1,11
                                 +0  195    195 	public _P0OUTCR
0000000B                         +0  196    196 _P0OUTCR:
0000000B                         +0  197    197 	dsb 1
                                 +0  198    198 	symbol_a "P0DDR",16,43,1
                                 +0  199    199 	symbol_a "P0OUTCR.io_byte",16,43,2
                                 +0  200    200 	symbol_a "P0DDR0",16,44,1
                                 +0  201    201 	symbol_a "P0OUTCR.io_bit.bit0",16,44,2
                                 +0  202    202 	symbol_a "P0DDR1",16,45,1
                                 +0  203    203 	symbol_a "P0OUTCR.io_bit.bit1",16,45,2
                                 +0  204    204 	symbol_a "P0DDR2",16,46,1
                                 +0  205    205 	symbol_a "P0OUTCR.io_bit.bit2",16,46,2
                                 +0  206    206 	symbol_a "P0DDR3",16,47,1
                                 +0  207    207 	symbol_a "P0OUTCR.io_bit.bit3",16,47,2
                                 +0  208    208 	symbol_a "P0DDR4",16,48,1
                                 +0  209    209 	symbol_a "P0OUTCR.io_bit.bit4",16,48,2
                                 +0  210    210 	symbol_a "P0DDR5",16,49,1
                                 +0  211    211 	symbol_a "P0OUTCR.io_bit.bit5",16,49,2
                                 +0  212    212 	symbol_a "P0DDR6",16,50,1
                                 +0  213    213 	symbol_a "P0OUTCR.io_bit.bit6",16,50,2
                                 +0  214    214 	symbol_a "P0DDR7",16,51,1
                                 +0  215    215 	symbol_a "P0OUTCR.io_bit.bit7",16,51,2
                                 +0  216    216 	symbol_t 121,nv,86,0
                                 +0  217    217 	symbol_t 122,O,121,1
                                 +0  218    218 	symbol_n "P0PRD",121,4,0
                                 +0  219    219 io_P0PRD section data abs=0xc
                                 +0  220    220 	symbol_a "P0PRD",10,1,12
                                 +0  221    221 	public _P0PRD
0000000C                         +0  222    222 _P0PRD:
0000000C                         +0  223    223 	dsb 1
                                 +0  224    224 	symbol_a "IP0",16,52,1
                                 +0  225    225 	symbol_a "P0PRD.io_byte",16,52,2
                                 +0  226    226 	symbol_a "IP00",16,53,1
                                 +0  227    227 	symbol_a "P0PRD.io_bit.bit0",16,53,2
                                 +0  228    228 	symbol_a "IP01",16,54,1
                                 +0  229    229 	symbol_a "P0PRD.io_bit.bit1",16,54,2
                                 +0  230    230 	symbol_a "IP02",16,55,1
                                 +0  231    231 	symbol_a "P0PRD.io_bit.bit2",16,55,2
                                 +0  232    232 	symbol_a "IP03",16,56,1
                                 +0  233    233 	symbol_a "P0PRD.io_bit.bit3",16,56,2
                                 +0  234    234 	symbol_a "IP04",16,57,1
                                 +0  235    235 	symbol_a "P0PRD.io_bit.bit4",16,57,2
                                 +0  236    236 	symbol_a "IP05",16,58,1
                                 +0  237    237 	symbol_a "P0PRD.io_bit.bit5",16,58,2
                                 +0  238    238 	symbol_a "IP06",16,59,1
                                 +0  239    239 	symbol_a "P0PRD.io_bit.bit6",16,59,2
                                 +0  240    240 	symbol_a "IP07",16,60,1
                                 +0  241    241 	symbol_a "P0PRD.io_bit.bit7",16,60,2
                                 +0  242    242 	symbol_t 123,nv,86,0
                                 +0  243    243 	symbol_t 124,O,123,1
                                 +0  244    244 	symbol_n "P2PRD",123,4,0
                                 +0  245    245 io_P2PRD section data abs=0xd
                                 +0  246    246 	symbol_a "P2PRD",10,1,13
                                 +0  247    247 	public _P2PRD
0000000D                         +0  248    248 _P2PRD:
0000000D                         +0  249    249 	dsb 1
                                 +0  250    250 	symbol_a "IP2",16,61,1
                                 +0  251    251 	symbol_a "P2PRD.io_byte",16,61,2
                                 +0  252    252 	symbol_a "IP20",16,62,1
                                 +0  253    253 	symbol_a "P2PRD.io_bit.bit0",16,62,2
                                 +0  254    254 	symbol_a "IP21",16,63,1
                                 +0  255    255 	symbol_a "P2PRD.io_bit.bit1",16,63,2
                                 +0  256    256 	symbol_a "IP22",16,64,1
                                 +0  257    257 	symbol_a "P2PRD.io_bit.bit2",16,64,2
                                 +0  258    258 	symbol_t 125,nv,3,0
                                 +0  259    259 	symbol_t 126,O,125,1
                                 +0  260    260 	symbol_n "ADCCR1",125,4,0
                                 +0  261    261 io_ADCCR1 section data abs=0xe
                                 +0  262    262 	symbol_a "ADCCR1",10,1,14
                                 +0  263    263 	public _ADCCR1
0000000E                         +0  264    264 _ADCCR1:
0000000E                         +0  265    265 	dsb 1
                                 +0  266    266 	symbol_t 127,nv,3,0
                                 +0  267    267 	symbol_t 128,O,127,1
                                 +0  268    268 	symbol_n "ADCCR2",127,4,0
                                 +0  269    269 io_ADCCR2 section data abs=0xf
                                 +0  270    270 	symbol_a "ADCCR2",10,1,15
                                 +0  271    271 	public _ADCCR2
0000000F                         +0  272    272 _ADCCR2:
0000000F                         +0  273    273 	dsb 1
                                 +0  274    274 	symbol_t 129,nv,7,0
                                 +0  275    275 	symbol_t 130,O,129,1
                                 +0  276    276 	symbol_n "TC1DRA",129,4,0
                                 +0  277    277 io_TC1DRA section data abs=0x10
                                 +0  278    278 	symbol_a "TC1DRA",10,1,16
                                 +0  279    279 	public _TC1DRA
00000010                         +0  280    280 _TC1DRA:
00000010                         +0  281    281 	dsb 2
                                 +0  282    282 	symbol_t 131,nv,7,0
                                 +0  283    283 	symbol_t 132,O,131,1
                                 +0  284    284 	symbol_n "TC1DRB",131,4,0
                                 +0  285    285 io_TC1DRB section data abs=0x12
                                 +0  286    286 	symbol_a "TC1DRB",10,1,18
                                 +0  287    287 	public _TC1DRB
00000012                         +0  288    288 _TC1DRB:
00000012                         +0  289    289 	dsb 2
                                 +0  290    290 	symbol_t 133,nv,3,0
                                 +0  291    291 	symbol_t 134,O,133,1
                                 +0  292    292 	symbol_n "TC1CR",133,4,0
                                 +0  293    293 io_TC1CR section data abs=0x14
                                 +0  294    294 	symbol_a "TC1CR",10,1,20
                                 +0  295    295 	public _TC1CR
00000014                         +0  296    296 _TC1CR:
00000014                         +0  297    297 	dsb 1
                                 +0  298    298 	symbol_t 135,nv,3,0
                                 +0  299    299 	symbol_t 136,O,135,1
                                 +0  300    300 	symbol_n "TC3CR",135,4,0
                                 +0  301    301 io_TC3CR section data abs=0x1a
                                 +0  302    302 	symbol_a "TC3CR",10,1,26
                                 +0  303    303 	public _TC3CR
0000001A                         +0  304    304 _TC3CR:
0000001A                         +0  305    305 	dsb 1
                                 +0  306    306 	symbol_t 137,nv,3,0
                                 +0  307    307 	symbol_t 138,O,137,1
                                 +0  308    308 	symbol_n "TC4CR",137,4,0
                                 +0  309    309 io_TC4CR section data abs=0x1b
                                 +0  310    310 	symbol_a "TC4CR",10,1,27
                                 +0  311    311 	public _TC4CR
0000001B                         +0  312    312 _TC4CR:
0000001B                         +0  313    313 	dsb 1
                                 +0  314    314 	symbol_t 139,nv,3,0
                                 +0  315    315 	symbol_t 140,O,139,1
                                 +0  316    316 	symbol_n "TTREG3",139,4,0
                                 +0  317    317 io_TTREG3 section data abs=0x1c
                                 +0  318    318 	symbol_a "TTREG3",10,1,28
                                 +0  319    319 	public _TTREG3
0000001C                         +0  320    320 _TTREG3:
0000001C                         +0  321    321 	dsb 1
                                 +0  322    322 	symbol_t 141,nv,3,0
                                 +0  323    323 	symbol_t 142,O,141,1
                                 +0  324    324 	symbol_n "TTREG4",141,4,0
                                 +0  325    325 io_TTREG4 section data abs=0x1d
                                 +0  326    326 	symbol_a "TTREG4",10,1,29
                                 +0  327    327 	public _TTREG4
0000001D                         +0  328    328 _TTREG4:
0000001D                         +0  329    329 	dsb 1
                                 +0  330    330 	symbol_t 143,nv,3,0
                                 +0  331    331 	symbol_t 144,O,143,1
                                 +0  332    332 	symbol_n "PWREG3",143,4,0
                                 +0  333    333 io_PWREG3 section data abs=0x1e
                                 +0  334    334 	symbol_a "PWREG3",10,1,30
                                 +0  335    335 	public _PWREG3
0000001E                         +0  336    336 _PWREG3:
0000001E                         +0  337    337 	dsb 1
                                 +0  338    338 	symbol_t 145,nv,3,0
                                 +0  339    339 	symbol_t 146,O,145,1
                                 +0  340    340 	symbol_n "PWREG4",145,4,0
                                 +0  341    341 io_PWREG4 section data abs=0x1f
                                 +0  342    342 	symbol_a "PWREG4",10,1,31
                                 +0  343    343 	public _PWREG4
0000001F                         +0  344    344 _PWREG4:
0000001F                         +0  345    345 	dsb 1
                                 +0  346    346 	symbol_t 147,nv,3,0
                                 +0  347    347 	symbol_t 148,O,147,1
                                 +0  348    348 	symbol_n "ADCDR1",147,4,0
                                 +0  349    349 io_ADCDR1 section data abs=0x20
                                 +0  350    350 	symbol_a "ADCDR1",10,1,32
                                 +0  351    351 	public _ADCDR1
00000020                         +0  352    352 _ADCDR1:
00000020                         +0  353    353 	dsb 1
                                 +0  354    354 	symbol_t 149,nv,3,0
                                 +0  355    355 	symbol_t 150,O,149,1
                                 +0  356    356 	symbol_n "ADCDR2",149,4,0
                                 +0  357    357 io_ADCDR2 section data abs=0x21
                                 +0  358    358 	symbol_a "ADCDR2",10,1,33
                                 +0  359    359 	public _ADCDR2
00000021                         +0  360    360 _ADCDR2:
00000021                         +0  361    361 	dsb 1
                                 +0  362    362 	symbol_t 151,nv,3,0
                                 +0  363    363 	symbol_t 152,O,151,1
                                 +0  364    364 	symbol_n "UARTCR1",151,4,0
                                 +0  365    365 io_UARTCR1 section data abs=0x25
                                 +0  366    366 	symbol_a "UARTCR1",10,1,37
                                 +0  367    367 	public _UARTCR1
00000025                         +0  368    368 _UARTCR1:
00000025                         +0  369    369 	dsb 1
                                 +0  370    370 	symbol_t 153,nv,3,0
                                 +0  371    371 	symbol_t 154,O,153,1
                                 +0  372    372 	symbol_n "UARTCR2",153,4,0
                                 +0  373    373 io_UARTCR2 section data abs=0x26
                                 +0  374    374 	symbol_a "UARTCR2",10,1,38
                                 +0  375    375 	public _UARTCR2
00000026                         +0  376    376 _UARTCR2:
00000026                         +0  377    377 	dsb 1
                                 +0  378    378 	symbol_t 155,nv,3,0
                                 +0  379    379 	symbol_t 156,O,155,1
                                 +0  380    380 	symbol_n "RDBUF",155,4,0
                                 +0  381    381 io_RDBUF section data abs=0x27
                                 +0  382    382 	symbol_a "RDBUF",10,1,39
                                 +0  383    383 	public _RDBUF
00000027                         +0  384    384 _RDBUF:
00000027                         +0  385    385 	dsb 1
                                 +0  386    386 	symbol_t 157,nv,3,0
                                 +0  387    387 	symbol_t 158,O,157,1
                                 +0  388    388 	symbol_n "SESR",157,4,0
                                 +0  389    389 io_SESR section data abs=0x28
                                 +0  390    390 	symbol_a "SESR",10,1,40
                                 +0  391    391 	public _SESR
00000028                         +0  392    392 _SESR:
00000028                         +0  393    393 	dsb 1
                                 +0  394    394 	symbol_t 159,nv,3,0
                                 +0  395    395 	symbol_t 160,O,159,1
                                 +0  396    396 	symbol_n "SEDR",159,4,0
                                 +0  397    397 io_SEDR section data abs=0x29
                                 +0  398    398 	symbol_a "SEDR",10,1,41
                                 +0  399    399 	public _SEDR
00000029                         +0  400    400 _SEDR:
00000029                         +0  401    401 	dsb 1
                                 +0  402    402 	symbol_t 161,nv,3,0
                                 +0  403    403 	symbol_t 162,O,161,1
                                 +0  404    404 	symbol_n "SECR",161,4,0
                                 +0  405    405 io_SECR section data abs=0x2a
                                 +0  406    406 	symbol_a "SECR",10,1,42
                                 +0  407    407 	public _SECR
0000002A                         +0  408    408 _SECR:
0000002A                         +0  409    409 	dsb 1
                                 +0  410    410 	symbol_t 163,nv,3,0
                                 +0  411    411 	symbol_t 164,O,163,1
                                 +0  412    412 	symbol_n "STOPCR",163,4,0
                                 +0  413    413 io_STOPCR section data abs=0x31
                                 +0  414    414 	symbol_a "STOPCR",10,1,49
                                 +0  415    415 	public _STOPCR
00000031                         +0  416    416 _STOPCR:
00000031                         +0  417    417 	dsb 1
                                 +0  418    418 	symbol_t 165,nv,3,0
                                 +0  419    419 	symbol_t 166,O,165,1
                                 +0  420    420 	symbol_n "WDTCR1",165,4,0
                                 +0  421    421 io_WDTCR1 section data abs=0x34
                                 +0  422    422 	symbol_a "WDTCR1",10,1,52
                                 +0  423    423 	public _WDTCR1
00000034                         +0  424    424 _WDTCR1:
00000034                         +0  425    425 	dsb 1
                                 +0  426    426 	symbol_t 167,nv,3,0
                                 +0  427    427 	symbol_t 168,O,167,1
                                 +0  428    428 	symbol_n "WDTCR2",167,4,0
                                 +0  429    429 io_WDTCR2 section data abs=0x35
                                 +0  430    430 	symbol_a "WDTCR2",10,1,53
                                 +0  431    431 	public _WDTCR2
00000035                         +0  432    432 _WDTCR2:
00000035                         +0  433    433 	dsb 1
                                 +0  434    434 	symbol_t 169,nv,3,0
                                 +0  435    435 	symbol_t 170,O,169,1
                                 +0  436    436 	symbol_n "TBTCR",169,4,0
                                 +0  437    437 io_TBTCR section data abs=0x36
                                 +0  438    438 	symbol_a "TBTCR",10,1,54
                                 +0  439    439 	public _TBTCR
00000036                         +0  440    440 _TBTCR:
00000036                         +0  441    441 	dsb 1
                                 +0  442    442 	symbol_t 171,nv,3,0
                                 +0  443    443 	symbol_t 172,O,171,1
                                 +0  444    444 	symbol_n "EINTCR",171,4,0
                                 +0  445    445 io_EINTCR section data abs=0x37
                                 +0  446    446 	symbol_a "EINTCR",10,1,55
                                 +0  447    447 	public _EINTCR
00000037                         +0  448    448 _EINTCR:
00000037                         +0  449    449 	dsb 1
                                 +0  450    450 	symbol_t 173,nv,3,0
                                 +0  451    451 	symbol_t 174,O,173,1
                                 +0  452    452 	symbol_n "SYSCR1",173,4,0
                                 +0  453    453 io_SYSCR1 section data abs=0x38
                                 +0  454    454 	symbol_a "SYSCR1",10,1,56
                                 +0  455    455 	public _SYSCR1
00000038                         +0  456    456 _SYSCR1:
00000038                         +0  457    457 	dsb 1
                                 +0  458    458 	symbol_t 175,nv,3,0
                                 +0  459    459 	symbol_t 176,O,175,1
                                 +0  460    460 	symbol_n "SYSCR2",175,4,0
                                 +0  461    461 io_SYSCR2 section data abs=0x39
                                 +0  462    462 	symbol_a "SYSCR2",10,1,57
                                 +0  463    463 	public _SYSCR2
00000039                         +0  464    464 _SYSCR2:
00000039                         +0  465    465 	dsb 1
                                 +0  466    466 	symbol_t 177,nv,86,0
                                 +0  467    467 	symbol_t 178,O,177,1
                                 +0  468    468 	symbol_n "EIRL",177,4,0
                                 +0  469    469 io_EIRL section data abs=0x3a
                                 +0  470    470 	symbol_a "EIRL",10,1,58
                                 +0  471    471 	public _EIRL
0000003A                         +0  472    472 _EIRL:
0000003A                         +0  473    473 	dsb 1
                                 +0  474    474 	symbol_a "EIRLA",16,65,1
                                 +0  475    475 	symbol_a "EIRL.io_byte",16,65,2
                                 +0  476    476 	symbol_a "EIRL0",16,66,1
                                 +0  477    477 	symbol_a "EIRL.io_bit.bit0",16,66,2
                                 +0  478    478 	symbol_a "EIRL1",16,67,1
                                 +0  479    479 	symbol_a "EIRL.io_bit.bit1",16,67,2
                                 +0  480    480 	symbol_a "EIRL2",16,68,1
                                 +0  481    481 	symbol_a "EIRL.io_bit.bit2",16,68,2
                                 +0  482    482 	symbol_a "EIRL3",16,69,1
                                 +0  483    483 	symbol_a "EIRL.io_bit.bit3",16,69,2
                                 +0  484    484 	symbol_a "EIRL4",16,70,1
                                 +0  485    485 	symbol_a "EIRL.io_bit.bit4",16,70,2
                                 +0  486    486 	symbol_a "EIRL5",16,71,1
                                 +0  487    487 	symbol_a "EIRL.io_bit.bit5",16,71,2
                                 +0  488    488 	symbol_a "EIRL6",16,72,1
                                 +0  489    489 	symbol_a "EIRL.io_bit.bit6",16,72,2
                                 +0  490    490 	symbol_a "EIRL7",16,73,1
                                 +0  491    491 	symbol_a "EIRL.io_bit.bit7",16,73,2
                                 +0  492    492 	symbol_t 179,nv,86,0
                                 +0  493    493 	symbol_t 180,O,179,1
                                 +0  494    494 	symbol_n "EIRH",179,4,0
                                 +0  495    495 io_EIRH section data abs=0x3b
                                 +0  496    496 	symbol_a "EIRH",10,1,59
                                 +0  497    497 	public _EIRH
0000003B                         +0  498    498 _EIRH:
0000003B                         +0  499    499 	dsb 1
                                 +0  500    500 	symbol_a "EIRHA",16,74,1
                                 +0  501    501 	symbol_a "EIRH.io_byte",16,74,2
                                 +0  502    502 	symbol_a "EIRH0",16,75,1
                                 +0  503    503 	symbol_a "EIRH.io_bit.bit0",16,75,2
                                 +0  504    504 	symbol_a "EIRH1",16,76,1
                                 +0  505    505 	symbol_a "EIRH.io_bit.bit1",16,76,2
                                 +0  506    506 	symbol_a "EIRH2",16,77,1
                                 +0  507    507 	symbol_a "EIRH.io_bit.bit2",16,77,2
                                 +0  508    508 	symbol_a "EIRH3",16,78,1
                                 +0  509    509 	symbol_a "EIRH.io_bit.bit3",16,78,2
                                 +0  510    510 	symbol_a "EIRH4",16,79,1
                                 +0  511    511 	symbol_a "EIRH.io_bit.bit4",16,79,2
                                 +0  512    512 	symbol_a "EIRH5",16,80,1
                                 +0  513    513 	symbol_a "EIRH.io_bit.bit5",16,80,2
                                 +0  514    514 	symbol_a "EIRH6",16,81,1
                                 +0  515    515 	symbol_a "EIRH.io_bit.bit6",16,81,2
                                 +0  516    516 	symbol_a "EIRH7",16,82,1
                                 +0  517    517 	symbol_a "EIRH.io_bit.bit7",16,82,2
                                 +0  518    518 	symbol_t 181,nv,3,0
                                 +0  519    519 	symbol_t 182,O,181,1
                                 +0  520    520 	symbol_n "ILL",181,4,0
                                 +0  521    521 io_ILL section data abs=0x3c
                                 +0  522    522 	symbol_a "ILL",10,1,60
                                 +0  523    523 	public _ILL
0000003C                         +0  524    524 _ILL:
0000003C                         +0  525    525 	dsb 1
                                 +0  526    526 	symbol_t 183,nv,3,0
                                 +0  527    527 	symbol_t 184,O,183,1
                                 +0  528    528 	symbol_n "ILH",183,4,0
                                 +0  529    529 io_ILH section data abs=0x3d
                                 +0  530    530 	symbol_a "ILH",10,1,61
                                 +0  531    531 	public _ILH
0000003D                         +0  532    532 _ILH:
0000003D                         +0  533    533 	dsb 1
                                 +0  534    534 	symbol_t 185,nv,3,0
                                 +0  535    535 	symbol_t 186,O,185,1
                                 +0  536    536 	symbol_n "INTSEL",185,4,0
                                 +0  537    537 io_INTSEL section data abs=0x3e
                                 +0  538    538 	symbol_a "INTSEL",10,1,62
                                 +0  539    539 	public _INTSEL
0000003E                         +0  540    540 _INTSEL:
0000003E                         +0  541    541 	dsb 1
                                 +0  542    542 	file "E:\PR_telremo\1508CP0.c",0,0,0
                                 +0  543    543 	file "E:\PR_telremo\RAM807.h",0,0,0
                                 +0  544    544 	symbol_t 187,S,"ram_bit_format",1,8,"bit7",65,7,"bit6",67,6,"bit5",69,5,"bit4",71,4,"bit3",73,3,"bit2",75,2,"bit1",77,1,"bit0",79,0
                                 +0  545    545 	symbol_t 188,O,187,1
                                 +0  546    546 	symbol_t 189,T,"ram_byte_field",187,0
                                 +0  547    547 	symbol_t 191,O,189,1
                                 +0  548    548 	symbol_t 190,U,"ram_format",1,2,"ram_byte",3,0,"ram_bit",189,0
                                 +0  549    549 	symbol_t 192,O,190,1
                                 +0  550    550 	symbol_t 193,T,"ram_field",190,0
                                 +0  551    551 	symbol_n "FLAG0",193,4,0
                                 +0  552    552 	symbol_n "FLAG1",193,4,0
                                 +0  553    553 	symbol_n "FLAG2",193,4,0
                                 +0  554    554 	symbol_n "FLAG3",193,4,0
                                 +0  555    555 	symbol_n "FLAG4",193,4,0
                                 +0  556    556 	symbol_n "FLAG5",193,4,0
                                 +0  557    557 	symbol_n "FLAG6",193,4,0
                                 +0  558    558 	symbol_n "ERROCODE",193,4,0
                                 +0  559    559 	symbol_n "FLAGX",193,4,0
                                 +0  560    560 	symbol_n "FLAGY",193,4,0
                                 +0  561    561 	symbol_n "FLAGI",193,4,0
                                 +0  562    562 	symbol_a "FLAG00",16,83,1
                                 +0  563    563 	symbol_a "FLAG0.ram_bit.bit0",16,83,2
                                 +0  564    564 	symbol_a "FLAG01",16,84,1
                                 +0  565    565 	symbol_a "FLAG0.ram_bit.bit1",16,84,2
                                 +0  566    566 	symbol_a "FLAG02",16,85,1
                                 +0  567    567 	symbol_a "FLAG0.ram_bit.bit2",16,85,2
                                 +0  568    568 	symbol_a "FLAG03",16,86,1
                                 +0  569    569 	symbol_a "FLAG0.ram_bit.bit3",16,86,2
                                 +0  570    570 	symbol_a "FLAG04",16,87,1
                                 +0  571    571 	symbol_a "FLAG0.ram_bit.bit4",16,87,2
                                 +0  572    572 	symbol_a "FLAG05",16,88,1
                                 +0  573    573 	symbol_a "FLAG0.ram_bit.bit5",16,88,2
                                 +0  574    574 	symbol_a "FLAG06",16,89,1
                                 +0  575    575 	symbol_a "FLAG0.ram_bit.bit6",16,89,2
                                 +0  576    576 	symbol_a "FLAG07",16,90,1
                                 +0  577    577 	symbol_a "FLAG0.ram_bit.bit7",16,90,2
                                 +0  578    578 	symbol_a "FLAG10",16,91,1
                                 +0  579    579 	symbol_a "FLAG1.ram_bit.bit0",16,91,2
                                 +0  580    580 	symbol_a "FLAG11",16,92,1
                                 +0  581    581 	symbol_a "FLAG1.ram_bit.bit1",16,92,2
                                 +0  582    582 	symbol_a "FLAG12",16,93,1
                                 +0  583    583 	symbol_a "FLAG1.ram_bit.bit2",16,93,2
                                 +0  584    584 	symbol_a "FLAG13",16,94,1
                                 +0  585    585 	symbol_a "FLAG1.ram_bit.bit3",16,94,2
                                 +0  586    586 	symbol_a "FLAG14",16,95,1
                                 +0  587    587 	symbol_a "FLAG1.ram_bit.bit4",16,95,2
                                 +0  588    588 	symbol_a "FLAG15",16,96,1
                                 +0  589    589 	symbol_a "FLAG1.ram_bit.bit5",16,96,2
                                 +0  590    590 	symbol_a "FLAG16",16,97,1
                                 +0  591    591 	symbol_a "FLAG1.ram_bit.bit6",16,97,2
                                 +0  592    592 	symbol_a "FLAG17",16,98,1
                                 +0  593    593 	symbol_a "FLAG1.ram_bit.bit7",16,98,2
                                 +0  594    594 	symbol_a "FLAG2A",16,99,1
                                 +0  595    595 	symbol_a "FLAG2.ram_byte",16,99,2
                                 +0  596    596 	symbol_a "FLAG20",16,100,1
                                 +0  597    597 	symbol_a "FLAG2.ram_bit.bit0",16,100,2
                                 +0  598    598 	symbol_a "FLAG21",16,101,1
                                 +0  599    599 	symbol_a "FLAG2.ram_bit.bit1",16,101,2
                                 +0  600    600 	symbol_a "FLAG22",16,102,1
                                 +0  601    601 	symbol_a "FLAG2.ram_bit.bit2",16,102,2
                                 +0  602    602 	symbol_a "FLAG23",16,103,1
                                 +0  603    603 	symbol_a "FLAG2.ram_bit.bit3",16,103,2
                                 +0  604    604 	symbol_a "FLAG24",16,104,1
                                 +0  605    605 	symbol_a "FLAG2.ram_bit.bit4",16,104,2
                                 +0  606    606 	symbol_a "FLAG25",16,105,1
                                 +0  607    607 	symbol_a "FLAG2.ram_bit.bit5",16,105,2
                                 +0  608    608 	symbol_a "FLAG26",16,106,1
                                 +0  609    609 	symbol_a "FLAG2.ram_bit.bit6",16,106,2
                                 +0  610    610 	symbol_a "FLAG27",16,107,1
                                 +0  611    611 	symbol_a "FLAG2.ram_bit.bit7",16,107,2
                                 +0  612    612 	symbol_a "FLAG3A",16,108,1
                                 +0  613    613 	symbol_a "FLAG3.ram_byte",16,108,2
                                 +0  614    614 	symbol_a "FLAG30",16,109,1
                                 +0  615    615 	symbol_a "FLAG3.ram_bit.bit0",16,109,2
                                 +0  616    616 	symbol_a "FLAG31",16,110,1
                                 +0  617    617 	symbol_a "FLAG3.ram_bit.bit1",16,110,2
                                 +0  618    618 	symbol_a "FLAG32",16,111,1
                                 +0  619    619 	symbol_a "FLAG3.ram_bit.bit2",16,111,2
                                 +0  620    620 	symbol_a "FLAG33",16,112,1
                                 +0  621    621 	symbol_a "FLAG3.ram_bit.bit3",16,112,2
                                 +0  622    622 	symbol_a "FLAG34",16,113,1
                                 +0  623    623 	symbol_a "FLAG3.ram_bit.bit4",16,113,2
                                 +0  624    624 	symbol_a "FLAG35",16,114,1
                                 +0  625    625 	symbol_a "FLAG3.ram_bit.bit5",16,114,2
                                 +0  626    626 	symbol_a "FLAG36",16,115,1
                                 +0  627    627 	symbol_a "FLAG3.ram_bit.bit6",16,115,2
                                 +0  628    628 	symbol_a "FLAG37",16,116,1
                                 +0  629    629 	symbol_a "FLAG3.ram_bit.bit7",16,116,2
                                 +0  630    630 	symbol_a "FLAG4A",16,117,1
                                 +0  631    631 	symbol_a "FLAG4.ram_byte",16,117,2
                                 +0  632    632 	symbol_a "FLAG40",16,118,1
                                 +0  633    633 	symbol_a "FLAG4.ram_bit.bit0",16,118,2
                                 +0  634    634 	symbol_a "FLAG41",16,119,1
                                 +0  635    635 	symbol_a "FLAG4.ram_bit.bit1",16,119,2
                                 +0  636    636 	symbol_a "FLAG42",16,120,1
                                 +0  637    637 	symbol_a "FLAG4.ram_bit.bit2",16,120,2
                                 +0  638    638 	symbol_a "FLAG43",16,121,1
                                 +0  639    639 	symbol_a "FLAG4.ram_bit.bit3",16,121,2
                                 +0  640    640 	symbol_a "FLAG44",16,122,1
                                 +0  641    641 	symbol_a "FLAG4.ram_bit.bit4",16,122,2
                                 +0  642    642 	symbol_a "FLAG45",16,123,1
                                 +0  643    643 	symbol_a "FLAG4.ram_bit.bit5",16,123,2
                                 +0  644    644 	symbol_a "FLAG46",16,124,1
                                 +0  645    645 	symbol_a "FLAG4.ram_bit.bit6",16,124,2
                                 +0  646    646 	symbol_a "FLAG47",16,125,1
                                 +0  647    647 	symbol_a "FLAG4.ram_bit.bit7",16,125,2
                                 +0  648    648 	symbol_a "FLAG5A",16,126,1
                                 +0  649    649 	symbol_a "FLAG5.ram_byte",16,126,2
                                 +0  650    650 	symbol_a "FLAG50",16,127,1
                                 +0  651    651 	symbol_a "FLAG5.ram_bit.bit0",16,127,2
                                 +0  652    652 	symbol_a "FLAG51",16,128,1
                                 +0  653    653 	symbol_a "FLAG5.ram_bit.bit1",16,128,2
                                 +0  654    654 	symbol_a "FLAG52",16,129,1
                                 +0  655    655 	symbol_a "FLAG5.ram_bit.bit2",16,129,2
                                 +0  656    656 	symbol_a "FLAG53",16,130,1
                                 +0  657    657 	symbol_a "FLAG5.ram_bit.bit3",16,130,2
                                 +0  658    658 	symbol_a "FLAG54",16,131,1
                                 +0  659    659 	symbol_a "FLAG5.ram_bit.bit4",16,131,2
                                 +0  660    660 	symbol_a "FLAG55",16,132,1
                                 +0  661    661 	symbol_a "FLAG5.ram_bit.bit5",16,132,2
                                 +0  662    662 	symbol_a "FLAG56",16,133,1
                                 +0  663    663 	symbol_a "FLAG5.ram_bit.bit6",16,133,2
                                 +0  664    664 	symbol_a "FLAG57",16,134,1
                                 +0  665    665 	symbol_a "FLAG5.ram_bit.bit7",16,134,2
                                 +0  666    666 	symbol_a "FLAG6A",16,135,1
                                 +0  667    667 	symbol_a "FLAG6.ram_byte",16,135,2
                                 +0  668    668 	symbol_a "FLAG60",16,136,1
                                 +0  669    669 	symbol_a "FLAG6.ram_bit.bit0",16,136,2
                                 +0  670    670 	symbol_a "FLAG61",16,137,1
                                 +0  671    671 	symbol_a "FLAG6.ram_bit.bit1",16,137,2
                                 +0  672    672 	symbol_a "FLAG62",16,138,1
                                 +0  673    673 	symbol_a "FLAG6.ram_bit.bit2",16,138,2
                                 +0  674    674 	symbol_a "FLAG63",16,139,1
                                 +0  675    675 	symbol_a "FLAG6.ram_bit.bit3",16,139,2
                                 +0  676    676 	symbol_a "FLAG64",16,140,1
                                 +0  677    677 	symbol_a "FLAG6.ram_bit.bit4",16,140,2
                                 +0  678    678 	symbol_a "FLAG65",16,141,1
                                 +0  679    679 	symbol_a "FLAG6.ram_bit.bit5",16,141,2
                                 +0  680    680 	symbol_a "FLAG66",16,142,1
                                 +0  681    681 	symbol_a "FLAG6.ram_bit.bit6",16,142,2
                                 +0  682    682 	symbol_a "FLAG67",16,143,1
                                 +0  683    683 	symbol_a "FLAG6.ram_bit.bit7",16,143,2
                                 +0  684    684 	symbol_a "ERROCODEA",16,144,1
                                 +0  685    685 	symbol_a "ERROCODE.ram_byte",16,144,2
                                 +0  686    686 	symbol_a "ERROCODE0",16,145,1
                                 +0  687    687 	symbol_a "ERROCODE.ram_bit.bit0",16,145,2
                                 +0  688    688 	symbol_a "ERROCODE1",16,146,1
                                 +0  689    689 	symbol_a "ERROCODE.ram_bit.bit1",16,146,2
                                 +0  690    690 	symbol_a "ERROCODE2",16,147,1
                                 +0  691    691 	symbol_a "ERROCODE.ram_bit.bit2",16,147,2
                                 +0  692    692 	symbol_a "ERROCODE3",16,148,1
                                 +0  693    693 	symbol_a "ERROCODE.ram_bit.bit3",16,148,2
                                 +0  694    694 	symbol_a "ERROCODE4",16,149,1
                                 +0  695    695 	symbol_a "ERROCODE.ram_bit.bit4",16,149,2
                                 +0  696    696 	symbol_a "ERROCODE5",16,150,1
                                 +0  697    697 	symbol_a "ERROCODE.ram_bit.bit5",16,150,2
                                 +0  698    698 	symbol_a "ERROCODE6",16,151,1
                                 +0  699    699 	symbol_a "ERROCODE.ram_bit.bit6",16,151,2
                                 +0  700    700 	symbol_a "ERROCODE7",16,152,1
                                 +0  701    701 	symbol_a "ERROCODE.ram_bit.bit7",16,152,2
                                 +0  702    702 	symbol_a "FLAGXA",16,153,1
                                 +0  703    703 	symbol_a "FLAGX.ram_byte",16,153,2
                                 +0  704    704 	symbol_a "FLAGX0",16,154,1
                                 +0  705    705 	symbol_a "FLAGX.ram_bit.bit0",16,154,2
                                 +0  706    706 	symbol_a "FLAGX1",16,155,1
                                 +0  707    707 	symbol_a "FLAGX.ram_bit.bit1",16,155,2
                                 +0  708    708 	symbol_a "FLAGX2",16,156,1
                                 +0  709    709 	symbol_a "FLAGX.ram_bit.bit2",16,156,2
                                 +0  710    710 	symbol_a "FLAGX3",16,157,1
                                 +0  711    711 	symbol_a "FLAGX.ram_bit.bit3",16,157,2
                                 +0  712    712 	symbol_a "FLAGX4",16,158,1
                                 +0  713    713 	symbol_a "FLAGX.ram_bit.bit4",16,158,2
                                 +0  714    714 	symbol_a "FLAGX5",16,159,1
                                 +0  715    715 	symbol_a "FLAGX.ram_bit.bit5",16,159,2
                                 +0  716    716 	symbol_a "FLAGX6",16,160,1
                                 +0  717    717 	symbol_a "FLAGX.ram_bit.bit6",16,160,2
                                 +0  718    718 	symbol_a "FLAGX7",16,161,1
                                 +0  719    719 	symbol_a "FLAGX.ram_bit.bit7",16,161,2
                                 +0  720    720 	symbol_a "FLAGYA",16,162,1
                                 +0  721    721 	symbol_a "FLAGY.ram_byte",16,162,2
                                 +0  722    722 	symbol_a "FLAGY0",16,163,1
                                 +0  723    723 	symbol_a "FLAGY.ram_bit.bit0",16,163,2
                                 +0  724    724 	symbol_a "FLAGY1",16,164,1
                                 +0  725    725 	symbol_a "FLAGY.ram_bit.bit1",16,164,2
                                 +0  726    726 	symbol_a "FLAGY2",16,165,1
                                 +0  727    727 	symbol_a "FLAGY.ram_bit.bit2",16,165,2
                                 +0  728    728 	symbol_a "FLAGY3",16,166,1
                                 +0  729    729 	symbol_a "FLAGY.ram_bit.bit3",16,166,2
                                 +0  730    730 	symbol_a "FLAGY4",16,167,1
                                 +0  731    731 	symbol_a "FLAGY.ram_bit.bit4",16,167,2
                                 +0  732    732 	symbol_a "FLAGY5",16,168,1
                                 +0  733    733 	symbol_a "FLAGY.ram_bit.bit5",16,168,2
                                 +0  734    734 	symbol_a "FLAGY6",16,169,1
                                 +0  735    735 	symbol_a "FLAGY.ram_bit.bit6",16,169,2
                                 +0  736    736 	symbol_a "FLAGY7",16,170,1
                                 +0  737    737 	symbol_a "FLAGY.ram_bit.bit7",16,170,2
                                 +0  738    738 	symbol_a "FLAGIA",16,171,1
                                 +0  739    739 	symbol_a "FLAGI.ram_byte",16,171,2
                                 +0  740    740 	symbol_a "FLAGI0",16,172,1
                                 +0  741    741 	symbol_a "FLAGI.ram_bit.bit0",16,172,2
                                 +0  742    742 	symbol_a "FLAGI1",16,173,1
                                 +0  743    743 	symbol_a "FLAGI.ram_bit.bit1",16,173,2
                                 +0  744    744 	symbol_a "FLAGI2",16,174,1
                                 +0  745    745 	symbol_a "FLAGI.ram_bit.bit2",16,174,2
                                 +0  746    746 	symbol_a "FLAGI3",16,175,1
                                 +0  747    747 	symbol_a "FLAGI.ram_bit.bit3",16,175,2
                                 +0  748    748 	symbol_a "FLAGI4",16,176,1
                                 +0  749    749 	symbol_a "FLAGI.ram_bit.bit4",16,176,2
                                 +0  750    750 	symbol_a "FLAGI5",16,177,1
                                 +0  751    751 	symbol_a "FLAGI.ram_bit.bit5",16,177,2
                                 +0  752    752 	symbol_a "FLAGI6",16,178,1
                                 +0  753    753 	symbol_a "FLAGI.ram_bit.bit6",16,178,2
                                 +0  754    754 	file "E:\PR_telremo\1508CP0.c",0,0,0
                                 +0  755    755 	symbol_a "FLAGI7",16,179,1
                                 +0  756    756 	symbol_a "FLAGI.ram_bit.bit7",16,179,2
                                 +0  757    757 	symbol_a "uchar",16,180,1
                                 +0  758    758 	symbol_a "unsigned char",16,180,2
                                 +0  759    759 	symbol_a "uint",16,181,1
                                 +0  760    760 	symbol_a "unsigned int",16,181,2
                                 +0  761    761 	symbol_a "PIN_Sdai",16,182,1
                                 +0  762    762 	symbol_a "IP20",16,182,2
                                 +0  763    763 	symbol_a "PIN_Sdao",16,183,1
                                 +0  764    764 	symbol_a "OP20",16,183,2
                                 +0  765    765 	symbol_a "PIN_Scl",16,184,1
                                 +0  766    766 	symbol_a "OP36",16,184,2
                                 +0  767    767 	symbol_a "PIN_waterlevel",16,185,1
                                 +0  768    768 	symbol_a "IP05",16,185,2
                                 +0  769    769 	symbol_a "PIN_volumclk",16,186,1
                                 +0  770    770 	symbol_a "OP06",16,186,2
                                 +0  771    771 	symbol_a "PIN_volumdata",16,187,1
                                 +0  772    772 	symbol_a "OP07",16,187,2
                                 +0  773    773 	symbol_a "PIN_radioclk",16,188,1
                                 +0  774    774 	symbol_a "OP11",16,188,2
                                 +0  775    775 	symbol_a "PIN_radioce",16,189,1
                                 +0  776    776 	symbol_a "OP30",16,189,2
                                 +0  777    777 	symbol_a "PIN_radiodin",16,190,1
                                 +0  778    778 	symbol_a "OP12",16,190,2
                                 +0  779    779 	symbol_a "PIN_radiodout",16,191,1
                                 +0  780    780 	symbol_a "OP10",16,191,2
                                 +0  781    781 	symbol_a "PIN_Panel_Buz",16,192,1
                                 +0  782    782 	symbol_a "OP31",16,192,2
                                 +0  783    783 	symbol_a "PIN_Panel_Key",16,193,1
                                 +0  784    784 	symbol_a "OP32",16,193,2
                                 +0  785    785 	symbol_a "PIN_Panel_Ser",16,194,1
                                 +0  786    786 	symbol_a "OP33",16,194,2
                                 +0  787    787 	symbol_a "PIN_Panel_Sck",16,195,1
                                 +0  788    788 	symbol_a "OP34",16,195,2
                                 +0  789    789 	symbol_a "PIN_Panel_Rck",16,196,1
                                 +0  790    790 	symbol_a "OP35",16,196,2
                                 +0  791    791 	symbol_a "PIN_Pump",16,197,1
                                 +0  792    792 	symbol_a "OP00",16,197,2
                                 +0  793    793 	symbol_a "PIN_Fan",16,198,1
                                 +0  794    794 	symbol_a "OP01",16,198,2
                                 +0  795    795 	symbol_a "PIN_Speaker",16,199,1
                                 +0  796    796 	symbol_a "OP02",16,199,2
                                 +0  797    797 	symbol_a "PIN_Anion",16,200,1
                                 +0  798    798 	symbol_a "OP03",16,200,2
                                 +0  799    799 	symbol_a "PIN_Light",16,201,1
                                 +0  800    800 	symbol_a "OP04",16,201,2
                                 +0  801    801 	symbol_a "PIN_Lampred",16,202,1
                                 +0  802    802 	symbol_a "OP04",16,202,2
                                 +0  803    803 	symbol_a "PIN_Lampgreen",16,203,1
                                 +0  804    804 	symbol_a "OP04",16,203,2
                                 +0  805    805 	symbol_a "PIN_Lampblue",16,204,1
                                 +0  806    806 	symbol_a "OP04",16,204,2
                                 +0  807    807 	symbol_a "NOKEY",16,205,1
                                 +0  808    808 	symbol_a "0x00",16,205,2
                                 +0  809    809 	symbol_a "CRAMMIN",16,206,1
                                 +0  810    810 	symbol_a "0x0040",16,206,2
                                 +0  811    811 	symbol_a "CRAMMAX",16,207,1
                                 +0  812    812 	symbol_a "0x013F",16,207,2
                                 +0  813    813 	symbol_a "INTVECTOR",16,208,1
                                 +0  814    814 	symbol_a "0xFFE0",16,208,2
                                 +0  815    815 	symbol_a "PR1500",16,209,1
                                 +0  816    816 	symbol_a "0x00",16,209,2
                                 +0  817    817 	symbol_a "PR1501",16,210,1
                                 +0  818    818 	symbol_a "0x01",16,210,2
                                 +0  819    819 	symbol_a "PR1502",16,211,1
                                 +0  820    820 	symbol_a "0x02",16,211,2
                                 +0  821    821 	symbol_a "PR1503",16,212,1
                                 +0  822    822 	symbol_a "0x03",16,212,2
                                 +0  823    823 	symbol_a "PR1504",16,213,1
                                 +0  824    824 	symbol_a "0x04",16,213,2
                                 +0  825    825 	symbol_a "PR1510",16,214,1
                                 +0  826    826 	symbol_a "0x05",16,214,2
                                 +0  827    827 	symbol_a "PR1510A",16,215,1
                                 +0  828    828 	symbol_a "0x06",16,215,2
                                 +0  829    829 	symbol_a "PR1511",16,216,1
                                 +0  830    830 	symbol_a "0x07",16,216,2
                                 +0  831    831 	symbol_a "KEY_04",16,217,1
                                 +0  832    832 	symbol_a "0x04",16,217,2
                                 +0  833    833 	symbol_a "KEY_00",16,218,1
                                 +0  834    834 	symbol_a "0X00",16,218,2
                                 +0  835    835 	symbol_a "KEY_05",16,219,1
                                 +0  836    836 	symbol_a "0x05",16,219,2
                                 +0  837    837 	symbol_a "KEY_08",16,220,1
                                 +0  838    838 	symbol_a "0x08",16,220,2
                                 +0  839    839 	symbol_a "KEY_09",16,221,1
                                 +0  840    840 	symbol_a "0x09",16,221,2
                                 +0  841    841 	symbol_a "KEY_01",16,222,1
                                 +0  842    842 	symbol_a "0x01",16,222,2
                                 +0  843    843 	symbol_a "KEY_02",16,223,1
                                 +0  844    844 	symbol_a "0x02",16,223,2
                                 +0  845    845 	symbol_a "KEY_06",16,224,1
                                 +0  846    846 	symbol_a "0x06",16,224,2
                                 +0  847    847 	symbol_a "KEY_03",16,225,1
                                 +0  848    848 	symbol_a "0x03",16,225,2
                                 +0  849    849 	symbol_a "KEY_07",16,226,1
                                 +0  850    850 	symbol_a "0x07",16,226,2
                                 +0  851    851 	symbol_a "KEY_OTHER",16,227,1
                                 +0  852    852 	symbol_a "0xff",16,227,2
                                 +0  853    853 	symbol_a "KEY_LIGHT",16,228,1
                                 +0  854    854 	symbol_a "0x04",16,228,2
                                 +0  855    855 	symbol_a "KEY_FAN",16,229,1
                                 +0  856    856 	symbol_a "0x00",16,229,2
                                 +0  857    857 	symbol_a "KEY_FM",16,230,1
                                 +0  858    858 	symbol_a "0x05",16,230,2
                                 +0  859    859 	symbol_a "KEY_PUMP",16,231,1
                                 +0  860    860 	symbol_a "0x08",16,231,2
                                 +0  861    861 	symbol_a "KEY_DN",16,232,1
                                 +0  862    862 	symbol_a "0x01",16,232,2
                                 +0  863    863 	symbol_a "KEY_UP",16,233,1
                                 +0  864    864 	symbol_a "0x02",16,233,2
                                 +0  865    865 	symbol_a "KEY_MEM",16,234,1
                                 +0  866    866 	symbol_a "0x06",16,234,2
                                 +0  867    867 	symbol_a "KEY_VOLDN",16,235,1
                                 +0  868    868 	symbol_a "0x03",16,235,2
                                 +0  869    869 	symbol_a "KEY_VOLUP",16,236,1
                                 +0  870    870 	symbol_a "0x07",16,236,2
                                 +0  871    871 	symbol_a "KEY_ANION",16,237,1
                                 +0  872    872 	symbol_a "0x09",16,237,2
                                 +0  873    873 	symbol_a "KEY_VOLKEY",16,238,1
                                 +0  874    874 	symbol_a "0x0a",16,238,2
                                 +0  875    875 	symbol_a "KEY_DN2",16,239,1
                                 +0  876    876 	symbol_a "0x0b",16,239,2
                                 +0  877    877 	symbol_a "KEY_UP2",16,240,1
                                 +0  878    878 	symbol_a "0x0c",16,240,2
                                 +0  879    879 	symbol_a "F_Wrlcd",16,241,1
                                 +0  880    880 	symbol_a "FLAG00",16,241,2
                                 +0  881    881 	symbol_a "F_Reset",16,242,1
                                 +0  882    882 	symbol_a "FLAG01",16,242,2
                                 +0  883    883 	symbol_a "F_Onesec",16,243,1
                                 +0  884    884 	symbol_a "FLAG02",16,243,2
                                 +0  885    885 	symbol_a "F_Rwstate",16,244,1
                                 +0  886    886 	symbol_a "FLAG03",16,244,2
                                 +0  887    887 	symbol_a "F_Pumpstate",16,245,1
                                 +0  888    888 	symbol_a "FLAG10",16,245,2
                                 +0  889    889 	symbol_a "F_Air_Pumpstate",16,246,1
                                 +0  890    890 	symbol_a "FLAG11",16,246,2
                                 +0  891    891 	symbol_a "F_Anionstate",16,247,1
                                 +0  892    892 	symbol_a "FLAG12",16,247,2
                                 +0  893    893 	symbol_a "F_Waterstate",16,248,1
                                 +0  894    894 	symbol_a "FLAG13",16,248,2
                                 +0  895    895 	symbol_a "F_Lightstate",16,249,1
                                 +0  896    896 	symbol_a "FLAG14",16,249,2
                                 +0  897    897 	symbol_a "F_Lampredstate",16,250,1
                                 +0  898    898 	symbol_a "FLAG15",16,250,2
                                 +0  899    899 	symbol_a "F_Lampgreenstate",16,251,1
                                 +0  900    900 	symbol_a "FLAG16",16,251,2
                                 +0  901    901 	symbol_a "F_Lampbluestate",16,252,1
                                 +0  902    902 	symbol_a "FLAG17",16,252,2
                                 +0  903    903 	symbol_a "F_Spkstate",16,253,1
                                 +0  904    904 	symbol_a "FLAG20",16,253,2
                                 +0  905    905 	symbol_a "F_Memstate",16,254,1
                                 +0  906    906 	symbol_a "FLAG21",16,254,2
                                 +0  907    907 	symbol_a "F_ledlight",16,255,1
                                 +0  908    908 	symbol_a "FLAG22",16,255,2
                                 +0  909    909 	symbol_n "R_keycodenew",3,4,0
                                 +0  910    910 	symbol_n "R_keycodeold",3,4,0
                                 +0  911    911 	symbol_n "R_keycode_exec",3,4,0
                                 +0  912    912 	symbol_n "R_scankey_ph",3,4,0
                                 +0  913    913 	symbol_n "R_scandisp_ph",3,4,0
                                 +0  914    914 	symbol_n "R_sckeycode",7,4,0
                                 +0  915    915 	symbol_n "R_continuekeytm",3,4,0
                                 +0  916    916 	symbol_n "R_ledstate0",3,4,0
                                 +0  917    917 	symbol_n "R_ledstate1",3,4,0
                                 +0  918    918 	symbol_n "R_ledstate2",3,4,0
                                 +0  919    919 	symbol_n "R_ledstate3",3,4,0
                                 +0  920    920 	symbol_n "R_keylight_cnt",3,4,0
                                 +0  921    921 	symbol_n "R_buztimer",3,4,0
                                 +0  922    922 	symbol_n "R_presetcounter",3,4,0
                                 +0  923    923 	symbol_n "R_aniontimer",7,4,0
                                 +0  924    924 	symbol_n "R_onecounter",3,4,0
                                 +0  925    925 	symbol_n "R_radiostate",3,4,0
                                 +0  926    926 	symbol_n "R_radiosrtimer",3,4,0
                                 +0  927    927 	symbol_n "R_radiomute",3,4,0
                                 +0  928    928 	symbol_n "R_radiosafetimer",3,4,0
                                 +0  929    929 	symbol_t 194,Z,"",3,1,"",4,0
                                 +0  930    930 	symbol_t 195,O,194,1
                                 +0  931    931 	symbol_n "R_radiowritebuff",194,4,0
                                 +0  932    932 	symbol_n "R_radioreadbuff",194,4,0
                                 +0  933    933 	symbol_n "R_srph",3,4,0
                                 +0  934    934 	symbol_n "R_srphtimer",3,4,0
                                 +0  935    935 	symbol_n "R_waterlevelcounter",3,4,0
                                 +0  936    936 	symbol_n "R_curfrequency",7,4,0
                                 +0  937    937 	symbol_n "R_curfrequencys",7,4,0
                                 +0  938    938 	symbol_n "R_volum",3,4,0
                                 +0  939    939 	symbol_n "R_volum0",3,4,0
                                 +0  940    940 	symbol_n "R_memstation",3,4,0
                                 +0  941    941 	symbol_n "R_memstation1",3,4,0
                                 +0  942    942 	symbol_n "R_memstation2",3,4,0
                                 +0  943    943 	symbol_n "R_memstatetimer",3,4,0
                                 +0  944    944 	symbol_n "R_memflashtimer",3,4,0
                                 +0  945    945 	symbol_n "R_audiostate",3,4,0
                                 +0  946    946 	symbol_n "R_dispcounter",3,4,0
                                 +0  947    947 	symbol_n "R_displayph",3,4,0
                                 +0  948    948 	symbol_n "R_controltype",3,4,0
                                 +0  949    949 	symbol_n "R_volumtimer",3,4,0
                                 +0  950    950 	symbol_n "R_resettimer",3,4,0
                                 +0  951    951 	symbol_n "R_clrbuff",3,4,0
                                 +0  952    952 	symbol_n "R_timer50ms",3,4,0
                                 +0  953    953 	symbol_n "R_timer20ms",3,4,0
                                 +0  954    954 	symbol_n "R_timer1s",3,4,0
                                 +0  955    955 	symbol_t 196,nc,7,0
                                 +0  956    956 	symbol_t 197,O,196,1
                                 +0  957    957 	symbol_t 198,Z,"",196,1,"",-1,0
                                 +0  958    958 	symbol_t 199,O,198,1
                                 +0  959    959 	symbol_n "SCTAB",198,5,0
                                 +0  960    960 	symbol_t 200,Z,"",196,1,"",-1,0
                                 +0  961    961 	symbol_t 201,O,200,1
                                 +0  962    962 	symbol_n "NUMTAB",200,5,0
                                 +0  963    963 	symbol_t 202,nc,3,0
                                 +0  964    964 	symbol_t 203,O,202,1
                                 +0  965    965 	symbol_t 204,Z,"",202,1,"",-1,0
                                 +0  966    966 	symbol_t 205,O,204,1
                                 +0  967    967 	symbol_n "LAMPION_TAB",204,5,0
                                 +0  968    968 	symbol_t 206,Z,"",196,1,"",-1,0
                                 +0  969    969 	symbol_t 207,O,206,1
                                 +0  970    970 	symbol_t 208,Z,"",196,1,"",10,0
                                 +0  971    971 	symbol_t 209,O,208,1
                                 +0  972    972 n_const section romdata medium align=1,1
                                 +0  973    973 	symbol_a "NUMTAB",3,0,0
00000000                         +0  974    974 _NUMTAB:
00000000  C000F900A400B0009900   +0  975    975 	dw 192,249,164,176,153,146,130,248
          92008200F800                          
00000010                         +0  976    976 	align 1
00000010  80009000               +0  977    977 	dw 128,144
                                 +0  978    978 	symbol_t 210,xc,"",1,-1
                                 +0  979    979 	symbol_t 211,O,210,1
                                 +0  980    980 	symbol_n "startup",210,6,0
                                 +0  981    981 	symbol_t 212,xi,"",1,-1
                                 +0  982    982 	symbol_t 213,O,212,1
                                 +0  983    983 	symbol_n "INT_INTTC3MP",212,6,0
                                 +0  984    984 	symbol_n "INT_INTTC1MP",212,6,0
                                 +0  985    985 	symbol_n "INT_INTTBT",212,6,0
                                 +0  986    986 	symbol_n "INT_INT1MP",212,6,0
                                 +0  987    987 	symbol_n "INT_INT0MP",212,6,0
                                 +0  988    988 	symbol_n "INT_Dummy",212,6,0
                                 +0  989    989 	symbol_n "INT_Dummyn",212,6,0
                                 +0  990    990 	symbol_n "Port_Ini",210,6,0
                                 +0  991    991 	symbol_n "Int_Ini",210,6,0
                                 +0  992    992 	symbol_n "Reg_Ini",210,6,0
                                 +0  993    993 	symbol_t 214,xc,"",3,-1
                                 +0  994    994 	symbol_t 215,O,214,1
                                 +0  995    995 	symbol_n "Read_Eep",214,6,0
                                 +0  996    996 	symbol_t 216,xc,"",1,-1
                                 +0  997    997 	symbol_t 217,O,216,1
                                 +0  998    998 	symbol_n "Write_Eep",216,6,0
                                 +0  999    999 	symbol_n "Eep_Send",214,6,0
                                 +0 1000   1000 	symbol_t 218,xc,"",3,-1
                                 +0 1001   1001 	symbol_t 219,O,218,1
                                 +0 1002   1002 	symbol_n "Eep_Rece",218,6,0
                                 +0 1003   1003 	symbol_n "Delay",210,6,0
                                 +0 1004   1004 	symbol_n "One_Secpr",210,6,0
                                 +0 1005   1005 	symbol_n "Scan_Key",210,6,0
                                 +0 1006   1006 	symbol_t 220,xc,"",1,-1
                                 +0 1007   1007 	symbol_t 221,O,220,1
                                 +0 1008   1008 	symbol_n "Contin_Keypr",220,6,0
                                 +0 1009   1009 	symbol_n "Audio_Con",210,6,0
                                 +0 1010   1010 	symbol_n "I4502Con",210,6,0
                                 +0 1011   1011 	symbol_n "Relay_Con",210,6,0
                                 +0 1012   1012 	symbol_n "Readcontroltype",210,6,0
                                 +0 1013   1013 	symbol_n "Lcd_Display",210,6,0
                                 +0 1014   1014 	symbol_n "Displayfre",210,6,0
                                 +0 1015   1015 	symbol_n "Flashfrepr",210,6,0
                                 +0 1016   1016 	symbol_n "Scankeysub",210,6,0
                                 +0 1017   1017 	symbol_n "Keypr",210,6,0
                                 +0 1018   1018 	symbol_n "Radiost",210,6,0
                                 +0 1019   1019 	symbol_n "Buz_Con",210,6,0
                                 +0 1020   1020 	symbol_n "Key_Light_pr",210,6,0
                                 +0 1021   1021 	symbol_n "Key_Anion_pr",210,6,0
                                 +0 1022   1022 	symbol_n "Key_Water_Pump_pr",210,6,0
                                 +0 1023   1023 	symbol_n "Key_Air_Pump_pr",210,6,0
                                 +0 1024   1024 	symbol_n "Key_Mem_pr",210,6,0
                                 +0 1025   1025 	symbol_n "Key_Fm_pr",210,6,0
                                 +0 1026   1026 	symbol_n "Key_Up_pr",210,6,0
                                 +0 1027   1027 	symbol_n "Key_Dn_pr",210,6,0
                                 +0 1028   1028 	symbol_n "Key_Up_pr2",210,6,0
                                 +0 1029   1029 	symbol_n "Key_Dn_pr2",210,6,0
                                 +0 1030   1030 	symbol_n "Key_Volkey_pr",210,6,0
                                 +0 1031   1031 	symbol_n "Key_VolumUP_pr",210,6,0
                                 +0 1032   1032 	symbol_n "Key_VolumDN_pr",210,6,0
                                 +0 1033   1033 	symbol_n "Key_convert",214,6,0
                                 +0 1034   1034 	symbol_n "Radiocurpr",210,6,0
                                 +0 1035   1035 	symbol_n "Detect_radio",210,6,0
                                 +0 1036   1036 	symbol_n "Mute_radio",210,6,0
                                 +0 1037   1037 	symbol_n "Key_Num_pr",210,6,0
                                 +0 1038   1038 	symbol_n "Radio_Con",210,6,0
                                 +0 1039   1039 	symbol_n "Volum_Con",210,6,0
                                 +0 1040   1040 	symbol_b "startup",5,0,1
                                 +0 1041   1041 	symbol_t 222,xc,"startup",1,0
                                 +0 1042   1042 	symbol_n "startup",222,4,1
                                 +0 1043   1043 n_code section code medium align=1,1
                                 +0 1044   1044 	symbol_a "startup",8,0,0
                                 +0 1045   1045 	line "",320,1,0
                                 +0 1046   1046 	public _startup
00000000                         +0 1047   1047 _startup:
                                 +0 1048   1048 	symbol_a "startup",6,0,0
                                 +0 1049   1049 	symbol_a "startup",0,0,0
                                 +0 1050   1050 	symbol_b "startup",6,0,1
                                 +0 1051   1051 	symbol_b "startup",1,320,1
                                 +0 1052   1052 	symbol_a "",51,0,0
                                 +0 1053   1053 	line "",321,22,0
00000000  0A3401                 +0 1054   1054 	ld	(_WDTCR1),0x1
                                 +0 1055   1055 	line "",322,22,0
00000003  0A35B1                 +0 1056   1056 	ld	(_WDTCR2),0xb1
                                 +0 1057   1057 	line "",323,22,0
00000006  0A3800                 +0 1058   1058 	ld	(_SYSCR1),0x0
                                 +0 1059   1059 	line "",324,22,0
00000009  0A39C0                 +0 1060   1060 	ld	(_SYSCR2),0xc0
                                 +0 1061   1061 	line "",326,27,0
0000000C  C83A                   +0 1062   1062 	DI	
                                 +0 1063   1063 	line "",327,26,0
0000000E  4B4000                 +0 1064   1064 	ld	HL,0x40
                                 +0 1065   1065 	line "",328,36,0
00000011  49FF00                 +0 1066   1066 	ld	BC,0xff
                                 +0 1067   1067 	line "",329,51,0
00000014  0B00                   +0 1068   1068 INIT_RAM:LD	(HL),0x00	
                                 +0 1069   1069 	line "",330,51,0
00000016  33                     +0 1070   1070 		INC	HL		
                                 +0 1071   1071 	line "",331,51,0
00000017  39                     +0 1072   1072 		DEC	BC		
                                 +0 1073   1073 	line "",332,51,0
00000018  BA                     +0 1074   1074 		J	F,INIT_RAM	
                                 +0 1075   1075 	line "",333,26,0
00000019  4E3F01                 +0 1076   1076 	ld	SP,0x13f
                                 +0 1077   1077 	line "",335,19,0
0000001C  FD0000               R +0 1078   1078 	cal	_Port_Ini
                                 +0 1079   1079 	line "",337,18,0
0000001F  FD0000               R +0 1080   1080 	cal	_Int_Ini
                                 +0 1081   1081 	line "",339,27,0
00000022  C03A                   +0 1082   1082 	EI	
                                 +0 1083   1083 	line "",340,18,0
00000024  FD0000               R +0 1084   1084 	cal	_Reg_Ini
                                 +0 1085   1085 	line "",342,23,0
00000027  0A000A               R +0 1086   1086 	ld	(_R_buztimer),0xa
0000002A                         +0 1087   1087 L2:
                                 +0 1088   1088 	line "",347,28,0
0000002A  FD0000               R +0 1089   1089 	cal	_One_Secpr
                                 +0 1090   1090 	line "",348,27,0
0000002D  FD0000               R +0 1091   1091 	cal	_Scan_Key
                                 +0 1092   1092 	line "",349,24,0
00000030  FD0000               R +0 1093   1093 	cal	_Keypr
                                 +0 1094   1094 	line "",350,28,0
00000033  FD0000               R +0 1095   1095 	cal	_Audio_Con
                                 +0 1096   1096 	line "",351,28,0
00000036  FD0000               R +0 1097   1097 	cal	_Relay_Con
                                 +0 1098   1098 	line "",352,30,0
00000039  FD0000               R +0 1099   1099 	cal	_Lcd_Display
                                 +0 1100   1100 	line "",344,14,0
0000003C  FCEC                   +0 1101   1101 	j	L2
                                 +0 1102   1102 	line "",354,1,0
                                 +0 1103   1103 	symbol_b "startup",2,354,1
                                 +0 1104   1104 	symbol_b "Port_Ini",5,0,1
                                 +0 1105   1105 	symbol_t 223,xc,"Port_Ini",1,0
                                 +0 1106   1106 	symbol_n "Port_Ini",223,4,1
                                 +0 1107   1107 	symbol_a "Port_Ini",8,0,0
                                 +0 1108   1108 	line "",357,1,0
                                 +0 1109   1109 	public _Port_Ini
0000003E                         +0 1110   1110 _Port_Ini:
                                 +0 1111   1111 	symbol_t 10000,nv,83,0
                                 +0 1112   1112 	symbol_t 10001,O,10000,1
                                 +0 1113   1113 	symbol_a "Port_Ini",6,0,0
                                 +0 1114   1114 	symbol_a "Port_Ini",0,0,0
                                 +0 1115   1115 	symbol_b "Port_Ini",6,0,1
                                 +0 1116   1116 	symbol_b "Port_Ini",1,357,1
                                 +0 1117   1117 	symbol_a "",51,0,0
                                 +0 1118   1118 	line "",358,19,0
0000003E  0A0020                 +0 1119   1119 	ld	(_P0DR),0x20
                                 +0 1120   1120 	line "",359,21,0
00000041  0A0BDF                 +0 1121   1121 	ld	(_P0OUTCR),0xdf
                                 +0 1122   1122 	line "",360,19,0
00000044  0A0100                 +0 1123   1123 	ld	(_P1DR),0x0
                                 +0 1124   1124 	line "",361,21,0
00000047  0A0906                 +0 1125   1125 	ld	(_P1CR),0x6
                                 +0 1126   1126 	line "",362,19,0
0000004A  0A02FF                 +0 1127   1127 	ld	(_P2DR),0xff
                                 +0 1128   1128 	line "",363,19,0
0000004D  0A037F                 +0 1129   1129 	ld	(_P3DR),0x7f
                                 +0 1130   1130 	line "",364,21,0
00000050  0A0A7B                 +0 1131   1131 	ld	(_P3CR),0x7b
                                 +0 1132   1132 	line "",366,26,0
00000053  FC19                   +0 1133   1133 	j	_Readcontroltype
                                 +0 1134   1134 	line "",367,1,0
                                 +0 1135   1135 	symbol_b "Port_Ini",2,367,1
                                 +0 1136   1136 	symbol_b "Adcpr",5,0,1
                                 +0 1137   1137 	symbol_t 224,xc,"Adcpr",3,1,"chanel",3,0
                                 +0 1138   1138 	symbol_n "Adcpr",224,4,1
                                 +0 1139   1139 	symbol_a "Adcpr",8,0,0
                                 +0 1140   1140 	line "",371,1,0
                                 +0 1141   1141 	public _Adcpr
00000055                         +0 1142   1142 _Adcpr:
                                 +0 1143   1143 	symbol_a "Adcpr",6,0,0
                                 +0 1144   1144 	symbol_a "chanel",2,1,0
                                 +0 1145   1145 	symbol_a "chanel",7,1,0
                                 +0 1146   1146 	symbol_a "Adcpr",0,0,0
                                 +0 1147   1147 	symbol_b "Adcpr",6,0,1
                                 +0 1148   1148 	symbol_b "Adcpr",1,371,1
                                 +0 1149   1149 	symbol_a "",51,0,0
                                 +0 1150   1150 	symbol_a "",9,1,1
00000055  D60340                 +0 1151   1151 	ld	A,(SP+0x3)
                                 +0 1152   1152 	line "",373,38,0
                                 +0 1153   1153 	symbol_a "",9,0,1
00000058  6407                   +0 1154   1154 	and	A,0x7
0000005A  E8C5                   +0 1155   1155 	set	A.5
0000005C  0E0E                   +0 1156   1156 	ld	(_ADCCR1),A
                                 +0 1157   1157 	line "",374,22,0
0000005E  0A0FD8                 +0 1158   1158 	ld	(_ADCCR2),0xd8
                                 +0 1159   1159 	line "",376,23,0
00000061  C70E                   +0 1160   1160 	set	(_ADCCR1).7
                                 +0 1161   1161 	line "",377,27,0
00000063  00                     +0 1162   1162 	NOP	
                                 +0 1163   1163 	line "",382,24,0
                                 +0 1164   1164 	symbol_a "",9,1,1
00000064  0C20                   +0 1165   1165 	ld	A,(_ADCDR1)
                                 +0 1166   1166 	line "",383,27,0
                                 +0 1167   1167 	symbol_a "",9,0,1
00000066  00                     +0 1168   1168 	NOP	
                                 +0 1169   1169 	line "",385,23,0
00000067  C70E                   +0 1170   1170 	set	(_ADCCR1).7
                                 +0 1171   1171 	line "",386,27,0
00000069  00                     +0 1172   1172 	NOP	
                                 +0 1173   1173 	line "",392,27,0
0000006A  00                     +0 1174   1174 	NOP	
                                 +0 1175   1175 	line "",394,23,0
0000006B  0C20                   +0 1176   1176 	ld	A,(_ADCDR1)
0000006D  FA                     +0 1177   1177 	ret
                                 +0 1178   1178 	line "",395,1,0
                                 +0 1179   1179 	symbol_b "Adcpr",2,395,1
                                 +0 1180   1180 	symbol_b "Readcontroltype",5,0,1
                                 +0 1181   1181 	symbol_t 225,xc,"Readcontroltype",1,0
                                 +0 1182   1182 	symbol_n "Readcontroltype",225,4,1
                                 +0 1183   1183 	symbol_a "Readcontroltype",8,0,0
                                 +0 1184   1184 	line "",399,1,0
                                 +0 1185   1185 	public _Readcontroltype
0000006E                         +0 1186   1186 _Readcontroltype:
                                 +0 1187   1187 	symbol_n "dtempa",3,1,1
                                 +0 1188   1188 	symbol_n "dtempb",3,1,1
                                 +0 1189   1189 	symbol_a "Readcontroltype",6,192,0
                                 +0 1190   1190 	symbol_a "dtempa",2,7,1
                                 +0 1191   1191 	symbol_a "dtempa",7,1,1
                                 +0 1192   1192 	symbol_a "dtempb",2,1,1
                                 +0 1193   1193 	symbol_a "dtempb",7,2,1
                                 +0 1194   1194 	symbol_a "Readcontroltype",0,0,0
                                 +0 1195   1195 	symbol_b "Readcontroltype",6,0,1
                                 +0 1196   1196 	symbol_b "Readcontroltype",1,399,1
0000006E  53                     +0 1197   1197 	push	HL
                                 +0 1198   1198 	symbol_a "",51,0,0
                                 +0 1199   1199 	line "",416,16,0
0000006F  FD0000               R +0 1200   1200 	cal	_Delay
                                 +0 1201   1201 	line "",421,34,0
                                 +0 1202   1202 	symbol_a "",9,1,7
                                 +0 1203   1203 	symbol_a "",9,2,1
00000072  46                     +0 1204   1204 	ld	L,A
00000073  26                     +0 1205   1205 	inc	L
00000074  26                     +0 1206   1206 	inc	L
00000075  FC0E                   +0 1207   1207 	j	L11
                                 +0 1208   1208 	symbol_a "",9,0,7
                                 +0 1209   1209 	symbol_a "",9,0,1
00000077                         +0 1210   1210 L12:
                                 +0 1211   1211 	line "",424,42,0
00000077  F6F905                 +0 1212   1212 	ld	(SP-),0x5
                                 +0 1213   1213 	symbol_a "",51,1,0
0000007A  FD0000               R +0 1214   1214 	cal	_Adcpr
                                 +0 1215   1215 	symbol_a "",9,1,7
0000007D  46                     +0 1216   1216 	ld	L,A
                                 +0 1217   1217 	line "",425,42,0
0000007E  F6F905                 +0 1218   1218 	ld	(SP-),0x5
                                 +0 1219   1219 	symbol_a "",51,2,0
00000081  FD0000               R +0 1220   1220 	cal	_Adcpr
                                 +0 1221   1221 	symbol_a "",9,2,1
00000084  D2                     +0 1222   1222 	pop	DE
                                 +0 1223   1223 	symbol_a "",51,0,0
00000085                         +0 1224   1224 L11:
                                 +0 1225   1225 	line "",422,39,0
00000085  E837                   +0 1226   1226 	cmp	L,A
00000087  DFEE                   +0 1227   1227 	j	f,L12
                                 +0 1228   1228 	line "",428,31,0
                                 +0 1229   1229 	symbol_a "",9,0,1
00000089  EE67DC                 +0 1230   1230 	cmp	L,0xdc
0000008C  DA05                   +0 1231   1231 	j	lt,L13
                                 +0 1232   1232 	line "",430,47,0
                                 +0 1233   1233 	symbol_a "",9,0,7
0000008E  0A0000               R +0 1234   1234 	ld	(_R_controltype),0x0
00000091  FC35                   +0 1235   1235 	j	L50000
                                 +0 1236   1236 	symbol_a "",9,1,7
00000093                         +0 1237   1237 L13:
                                 +0 1238   1238 	line "",434,39,0
00000093  EE67BE                 +0 1239   1239 	cmp	L,0xbe
00000096  DA05                   +0 1240   1240 	j	lt,L15
                                 +0 1241   1241 	line "",436,47,0
                                 +0 1242   1242 	symbol_a "",9,0,7
00000098  0A0001               R +0 1243   1243 	ld	(_R_controltype),0x1
0000009B  FC2B                   +0 1244   1244 	j	L50000
                                 +0 1245   1245 	symbol_a "",9,1,7
0000009D                         +0 1246   1246 L15:
                                 +0 1247   1247 	line "",440,39,0
0000009D  EE67A0                 +0 1248   1248 	cmp	L,0xa0
000000A0  DA05                   +0 1249   1249 	j	lt,L16
                                 +0 1250   1250 	line "",442,47,0
                                 +0 1251   1251 	symbol_a "",9,0,7
000000A2  0A0002               R +0 1252   1252 	ld	(_R_controltype),0x2
000000A5  FC21                   +0 1253   1253 	j	L50000
                                 +0 1254   1254 	symbol_a "",9,1,7
000000A7                         +0 1255   1255 L16:
                                 +0 1256   1256 	line "",445,39,0
000000A7  EE678C                 +0 1257   1257 	cmp	L,0x8c
000000AA  DA05                   +0 1258   1258 	j	lt,L17
                                 +0 1259   1259 	line "",447,47,0
                                 +0 1260   1260 	symbol_a "",9,0,7
000000AC  0A0003               R +0 1261   1261 	ld	(_R_controltype),0x3
000000AF  FC17                   +0 1262   1262 	j	L50000
                                 +0 1263   1263 	symbol_a "",9,1,7
000000B1                         +0 1264   1264 L17:
                                 +0 1265   1265 	line "",451,39,0
000000B1  EE676E                 +0 1266   1266 	cmp	L,0x6e
000000B4  DA05                   +0 1267   1267 	j	lt,L18
                                 +0 1268   1268 	line "",453,47,0
                                 +0 1269   1269 	symbol_a "",9,0,7
000000B6  0A0005               R +0 1270   1270 	ld	(_R_controltype),0x5
000000B9  FC0D                   +0 1271   1271 	j	L50000
                                 +0 1272   1272 	symbol_a "",9,1,7
000000BB                         +0 1273   1273 L18:
                                 +0 1274   1274 	line "",457,38,0
000000BB  EE6746                 +0 1275   1275 	cmp	L,0x46
000000BE  DA05                   +0 1276   1276 	j	lt,L19
                                 +0 1277   1277 	line "",459,48,0
                                 +0 1278   1278 	symbol_a "",9,0,7
000000C0  0A0006               R +0 1279   1279 	ld	(_R_controltype),0x6
000000C3  FC03                   +0 1280   1280 	j	L50000
000000C5                         +0 1281   1281 L19:
                                 +0 1282   1282 	line "",465,47,0
000000C5  0A0007               R +0 1283   1283 	ld	(_R_controltype),0x7
000000C8                         +0 1284   1284 L50000:
                                 +0 1285   1285 	symbol_a "",51,-1,0
                                 +0 1286   1286 	line "",466,30,0
000000C8  D3                     +0 1287   1287 	pop	HL
000000C9  FA                     +0 1288   1288 	ret
                                 +0 1289   1289 	symbol_a "",51,0,0
                                 +0 1290   1290 	line "",472,1,0
                                 +0 1291   1291 	symbol_b "Readcontroltype",2,472,1
                                 +0 1292   1292 	symbol_b "Int_Ini",5,0,1
                                 +0 1293   1293 	symbol_t 226,xc,"Int_Ini",1,0
                                 +0 1294   1294 	symbol_n "Int_Ini",226,4,1
                                 +0 1295   1295 	symbol_a "Int_Ini",8,0,0
                                 +0 1296   1296 	line "",476,1,0
                                 +0 1297   1297 	public _Int_Ini
000000CA                         +0 1298   1298 _Int_Ini:
                                 +0 1299   1299 	symbol_t 10002,nv,83,0
                                 +0 1300   1300 	symbol_t 10003,O,10002,1
                                 +0 1301   1301 	symbol_t 10004,nv,7,0
                                 +0 1302   1302 	symbol_t 10005,O,10004,1
                                 +0 1303   1303 	symbol_a "Int_Ini",6,0,0
                                 +0 1304   1304 	symbol_a "Int_Ini",0,0,0
                                 +0 1305   1305 	symbol_b "Int_Ini",6,0,1
                                 +0 1306   1306 	symbol_b "Int_Ini",1,476,1
                                 +0 1307   1307 	symbol_a "",51,0,0
                                 +0 1308   1308 	line "",477,22,0
000000CA  0A3700                 +0 1309   1309 	ld	(_EINTCR),0x0
                                 +0 1310   1310 	line "",478,22,0
000000CD  0A3E00                 +0 1311   1311 	ld	(_INTSEL),0x0
                                 +0 1312   1312 	line "",479,21,0
000000D0  0A3B00                 +0 1313   1313 	ld	(_EIRH),0x0
                                 +0 1314   1314 	line "",480,21,0
000000D3  0A3A8F                 +0 1315   1315 	ld	(_EIRL),0x8f
                                 +0 1316   1316 	line "",481,21,0
000000D6  0A364C                 +0 1317   1317 	ld	(_TBTCR),0x4c
                                 +0 1318   1318 	line "",482,21,0
000000D9  0A1408                 +0 1319   1319 	ld	(_TC1CR),0x8
                                 +0 1320   1320 	line "",483,28,0
000000DC  08108813               +0 1321   1321 	ldw	(_TC1DRA),0x1388
                                 +0 1322   1322 	line "",484,21,0
000000E0  0A1418                 +0 1323   1323 	ld	(_TC1CR),0x18
                                 +0 1324   1324 	line "",486,21,0
000000E3  0A1B11                 +0 1325   1325 	ld	(_TC4CR),0x11
                                 +0 1326   1326 	line "",487,20,0
000000E6  0A1D0C                 +0 1327   1327 	ld	(_TTREG4),0xc
                                 +0 1328   1328 	line "",489,1,0
000000E9  FA                     +0 1329   1329 	ret
                                 +0 1330   1330 	symbol_b "Int_Ini",2,489,1
                                 +0 1331   1331 	symbol_b "Reg_Ini",5,0,1
                                 +0 1332   1332 	symbol_t 227,xc,"Reg_Ini",1,0
                                 +0 1333   1333 	symbol_n "Reg_Ini",227,4,1
                                 +0 1334   1334 	symbol_a "Reg_Ini",8,0,0
                                 +0 1335   1335 	line "",492,1,0
                                 +0 1336   1336 	public _Reg_Ini
000000EA                         +0 1337   1337 _Reg_Ini:
                                 +0 1338   1338 	symbol_t 10006,O,35,1
                                 +0 1339   1339 	symbol_n "ss",35,1,1
                                 +0 1340   1340 	symbol_a "Reg_Ini",6,192,0
                                 +0 1341   1341 	symbol_a "ss",2,11,1
                                 +0 1342   1342 	symbol_a "ss",7,1,1
                                 +0 1343   1343 	symbol_a "Reg_Ini",0,0,0
                                 +0 1344   1344 	symbol_b "Reg_Ini",6,0,1
                                 +0 1345   1345 	symbol_b "Reg_Ini",1,492,1
000000EA  53                     +0 1346   1346 	push	HL
                                 +0 1347   1347 	symbol_a "",51,0,0
                                 +0 1348   1348 	line "",494,38,0
                                 +0 1349   1349 	symbol_a "",9,1,11
000000EB  4B0000               R +0 1350   1350 	ld	HL,_R_curfrequency
                                 +0 1351   1351 	line "",496,32,0
000000EE  0800AC07             R +0 1352   1352 	ldw	(_R_curfrequency),0x7ac
                                 +0 1353   1353 	line "",497,22,0
000000F2  0A0028               R +0 1354   1354 	ld	(_R_volum),0x28
                                 +0 1355   1355 	line "",498,24,0
000000F5  0A00FF               R +0 1356   1356 	ld	(_R_volum0),0xff
                                 +0 1357   1357 	line "",499,28,0
000000F8  0A007F               R +0 1358   1358 	ld	(_R_keycodenew),0x7f
                                 +0 1359   1359 	line "",500,28,0
000000FB  0A007F               R +0 1360   1360 	ld	(_R_keycodeold),0x7f
                                 +0 1361   1361 	line "",501,24,0
000000FE  0A0000               R +0 1362   1362 	ld	(_R_radiomute),0x0
                                 +0 1363   1363 	line "",502,25,0
00000101  0A0005               R +0 1364   1364 	ld	(_R_resettimer),0x5
                                 +0 1365   1365 	line "",503,27,0
00000104  0A0000               R +0 1366   1366 	ld	(_R_keylight_cnt),0x0
                                 +0 1367   1367 	line "",505,25,0
00000107  0A00FF               R +0 1368   1368 	ld	(_R_ledstate0),0xff
                                 +0 1369   1369 	line "",506,25,0
0000010A  0A00FF               R +0 1370   1370 	ld	(_R_ledstate1),0xff
                                 +0 1371   1371 	line "",507,25,0
0000010D  0A00FF               R +0 1372   1372 	ld	(_R_ledstate2),0xff
                                 +0 1373   1373 	line "",508,25,0
00000110  0A00FF               R +0 1374   1374 	ld	(_R_ledstate3),0xff
                                 +0 1375   1375 	line "",509,27,0
00000113  0800FFFF             R +0 1376   1376 	ldw	(_R_sckeycode),0xffff
                                 +0 1377   1377 	line "",511,16,0
00000117  FD0000               R +0 1378   1378 	cal	_Delay
                                 +0 1379   1379 	line "",512,27,0
0000011A  F6F950                 +0 1380   1380 	ld	(SP-),0x50
                                 +0 1381   1381 	symbol_a "",51,1,0
0000011D  FD0000               R +0 1382   1382 	cal	_Read_Eep
00000120  0F                     +0 1383   1383 	ld	(HL),A
                                 +0 1384   1384 	line "",513,13,0
00000121  33                     +0 1385   1385 	inc	HL
                                 +0 1386   1386 	line "",514,27,0
00000122  F6F951                 +0 1387   1387 	ld	(SP-),0x51
                                 +0 1388   1388 	symbol_a "",51,2,0
00000125  FD0000               R +0 1389   1389 	cal	_Read_Eep
00000128  0F                     +0 1390   1390 	ld	(HL),A
                                 +0 1391   1391 	line "",515,31,0
00000129  F6F952                 +0 1392   1392 	ld	(SP-),0x52
                                 +0 1393   1393 	symbol_a "",51,3,0
                                 +0 1394   1394 	symbol_a "",9,0,11
0000012C  FD0000               R +0 1395   1395 	cal	_Read_Eep
0000012F  0E00                 R +0 1396   1396 	ld	(_R_volum),A
                                 +0 1397   1397 	line "",516,36,0
00000131  F6F953                 +0 1398   1398 	ld	(SP-),0x53
                                 +0 1399   1399 	symbol_a "",51,4,0
00000134  FD0000               R +0 1400   1400 	cal	_Read_Eep
00000137  3704                   +0 1401   1401 	ld	SP,SP+0x4
                                 +0 1402   1402 	symbol_a "",51,0,0
00000139  0E00                 R +0 1403   1403 	ld	(_R_memstation),A
                                 +0 1404   1404 	line "",519,58,0
0000013B  E00048               R +0 1405   1405 	ld	WA,(_R_curfrequency)
0000013E  E86FAC07               +0 1406   1406 	cmp	WA,0x7ac
00000142  DA06                   +0 1407   1407 	j	lt,L20
00000144  E86F4609               +0 1408   1408 	cmp	WA,0x946
00000148  DC04                   +0 1409   1409 	j	le,L21
0000014A                         +0 1410   1410 L20:
                                 +0 1411   1411 	line "",520,39,0
0000014A  0800AC07             R +0 1412   1412 	ldw	(_R_curfrequency),0x7ac
0000014E                         +0 1413   1413 L21:
                                 +0 1414   1414 	line "",522,38,0
0000014E  0C00                 R +0 1415   1415 	ld	A,(_R_volum)
00000150  6705                   +0 1416   1416 	cmp	A,0x5
00000152  DC04                   +0 1417   1417 	j	le,L22
00000154  673C                   +0 1418   1418 	cmp	A,0x3c
00000156  DC03                   +0 1419   1419 	j	le,L23
00000158                         +0 1420   1420 L22:
                                 +0 1421   1421 	line "",523,29,0
00000158  0A0014               R +0 1422   1422 	ld	(_R_volum),0x14
0000015B                         +0 1423   1423 L23:
                                 +0 1424   1424 	line "",525,26,0
0000015B  070008               R +0 1425   1425 	cmp	(_R_memstation),0x8
0000015E  DC03                   +0 1426   1426 	j	le,L24
                                 +0 1427   1427 	line "",526,33,0
00000160  0A0000               R +0 1428   1428 	ld	(_R_memstation),0x0
00000163                         +0 1429   1429 L24:
                                 +0 1430   1430 	symbol_a "",51,-1,0
                                 +0 1431   1431 	line "",528,1,0
00000163  D3                     +0 1432   1432 	pop	HL
00000164  FA                     +0 1433   1433 	ret
                                 +0 1434   1434 	symbol_a "",51,0,0
                                 +0 1435   1435 	symbol_b "Reg_Ini",2,528,1
                                 +0 1436   1436 	symbol_b "Lcd_Display",5,0,1
                                 +0 1437   1437 	symbol_t 228,xc,"Lcd_Display",1,0
                                 +0 1438   1438 	symbol_n "Lcd_Display",228,4,1
                                 +0 1439   1439 	symbol_a "Lcd_Display",8,0,0
                                 +0 1440   1440 	line "",531,1,0
                                 +0 1441   1441 	public _Lcd_Display
00000165                         +0 1442   1442 _Lcd_Display:
                                 +0 1443   1443 	symbol_a "Lcd_Display",6,0,0
                                 +0 1444   1444 	symbol_a "Lcd_Display",0,0,0
                                 +0 1445   1445 	symbol_b "Lcd_Display",6,0,1
                                 +0 1446   1446 	symbol_b "Lcd_Display",1,531,1
                                 +0 1447   1447 	symbol_a "",51,0,0
                                 +0 1448   1448 	line "",532,30,0
00000165  070000               R +0 1449   1449 	cmp	(_R_resettimer),0x0
00000168  A7                     +0 1450   1450 	j	f,L25
                                 +0 1451   1451 	line "",534,45,0
00000169  5900                 R +0 1452   1452 	ld	CF,(_FLAG1).1
0000016B  E000EA               R +0 1453   1453 	ld	(_FLAG2).2,CF
                                 +0 1454   1454 	line "",535,29,0
0000016E  FE0000               R +0 1455   1455 	j	_Displayfre
00000171                         +0 1456   1456 L25:
                                 +0 1457   1457 	line "",539,31,0
00000171  C200                 R +0 1458   1458 	set	(_FLAG2).2
                                 +0 1459   1459 	line "",540,32,0
00000173  0A0000               R +0 1460   1460 	ld	(_R_ledstate0),0x0
                                 +0 1461   1461 	line "",541,32,0
00000176  0A0000               R +0 1462   1462 	ld	(_R_ledstate1),0x0
                                 +0 1463   1463 	line "",542,32,0
00000179  0A0000               R +0 1464   1464 	ld	(_R_ledstate2),0x0
                                 +0 1465   1465 	line "",543,32,0
0000017C  0A0000               R +0 1466   1466 	ld	(_R_ledstate3),0x0
                                 +0 1467   1467 	line "",597,1,0
0000017F  FA                     +0 1468   1468 	ret
                                 +0 1469   1469 	symbol_b "Lcd_Display",2,597,1
                                 +0 1470   1470 	symbol_b "Read_Eep",5,0,1
                                 +0 1471   1471 	symbol_t 229,xc,"Read_Eep",3,1,"addr",3,0
                                 +0 1472   1472 	symbol_n "Read_Eep",229,4,1
                                 +0 1473   1473 	symbol_a "Read_Eep",8,0,0
                                 +0 1474   1474 	line "",601,1,0
                                 +0 1475   1475 	public _Read_Eep
00000180                         +0 1476   1476 _Read_Eep:
                                 +0 1477   1477 	symbol_n "k",3,1,1
                                 +0 1478   1478 	symbol_t 10007,nv,83,0
                                 +0 1479   1479 	symbol_t 10008,O,10007,1
                                 +0 1480   1480 	symbol_t 10009,nv,79,0
                                 +0 1481   1481 	symbol_t 10010,O,10009,1
                                 +0 1482   1482 	symbol_t 10011,nv,67,0
                                 +0 1483   1483 	symbol_t 10012,O,10011,1
                                 +0 1484   1484 	symbol_t 10013,nv,79,0
                                 +0 1485   1485 	symbol_t 10014,O,10013,1
                                 +0 1486   1486 	symbol_t 10015,nv,67,0
                                 +0 1487   1487 	symbol_t 10016,O,10015,1
                                 +0 1488   1488 	symbol_t 10017,nv,79,0
                                 +0 1489   1489 	symbol_t 10018,O,10017,1
                                 +0 1490   1490 	symbol_t 10019,nv,67,0
                                 +0 1491   1491 	symbol_t 10020,O,10019,1
                                 +0 1492   1492 	symbol_t 10021,nv,79,0
                                 +0 1493   1493 	symbol_t 10022,O,10021,1
                                 +0 1494   1494 	symbol_t 10023,nv,67,0
                                 +0 1495   1495 	symbol_t 10024,O,10023,1
                                 +0 1496   1496 	symbol_t 10025,nv,67,0
                                 +0 1497   1497 	symbol_t 10026,O,10025,1
                                 +0 1498   1498 	symbol_t 10027,nv,67,0
                                 +0 1499   1499 	symbol_t 10028,O,10027,1
                                 +0 1500   1500 	symbol_t 10029,nv,79,0
                                 +0 1501   1501 	symbol_t 10030,O,10029,1
                                 +0 1502   1502 	symbol_t 10031,nv,67,0
                                 +0 1503   1503 	symbol_t 10032,O,10031,1
                                 +0 1504   1504 	symbol_t 10033,nv,79,0
                                 +0 1505   1505 	symbol_t 10034,O,10033,1
                                 +0 1506   1506 	symbol_a "Read_Eep",6,192,0
                                 +0 1507   1507 	symbol_a "k",2,7,1
                                 +0 1508   1508 	symbol_a "k",7,1,1
                                 +0 1509   1509 	symbol_a "Read_Eep",0,0,0
                                 +0 1510   1510 	symbol_a "addr",1, 5,0
                                 +0 1511   1511 	symbol_b "Read_Eep",6,0,1
                                 +0 1512   1512 	symbol_b "Read_Eep",1,601,1
00000180  53                     +0 1513   1513 	push	HL
                                 +0 1514   1514 	symbol_a "",51,0,0
                                 +0 1515   1515 	line "",604,16,0
                                 +0 1516   1516 	symbol_a "",9,1,7
00000181  FD0000               R +0 1517   1517 	cal	_Delay
                                 +0 1518   1518 	line "",605,22,0
00000184  CB00                 R +0 1519   1519 	clr	(_FLAG0).3
                                 +0 1520   1520 	line "",607,21,0
00000186  C002                   +0 1521   1521 	set	(_P2DR).0
                                 +0 1522   1522 	line "",608,21,0
00000188  C603                   +0 1523   1523 	set	(_P3DR).6
                                 +0 1524   1524 	line "",610,21,0
0000018A  C802                   +0 1525   1525 	clr	(_P2DR).0
                                 +0 1526   1526 	line "",611,28,0
0000018C  E9FF                   +0 1527   1527 SWAP	W
                                 +0 1528   1528 	line "",612,28,0
0000018E  E9FF                   +0 1529   1529 SWAP	W
                                 +0 1530   1530 	line "",613,20,0
00000190  CE03                   +0 1531   1531 	clr	(_P3DR).6
                                 +0 1532   1532 	line "",615,31,0
00000192  F6F9A0                 +0 1533   1533 	ld	(SP-),0xa0
                                 +0 1534   1534 	symbol_a "",51,1,0
00000195  FD0000               R +0 1535   1535 	cal	_Eep_Send
00000198  36                     +0 1536   1536 	inc	SP
                                 +0 1537   1537 	symbol_a "",51,0,0
00000199  E806                   +0 1538   1538 	or	A,A
0000019B  DE44                   +0 1539   1539 	j	t,L27
                                 +0 1540   1540 	line "",617,39,0
0000019D  D60540                 +0 1541   1541 	ld	A,(SP+0x5)
000001A0  F678                   +0 1542   1542 	ld	(SP-),A
                                 +0 1543   1543 	symbol_a "",51,1,0
000001A2  FD0000               R +0 1544   1544 	cal	_Eep_Send
000001A5  36                     +0 1545   1545 	inc	SP
                                 +0 1546   1546 	symbol_a "",51,0,0
000001A6  E806                   +0 1547   1547 	or	A,A
000001A8  DE37                   +0 1548   1548 	j	t,L27
                                 +0 1549   1549 	line "",619,37,0
000001AA  C002                   +0 1550   1550 	set	(_P2DR).0
                                 +0 1551   1551 	line "",620,44,0
000001AC  E9FF                   +0 1552   1552 SWAP	W
                                 +0 1553   1553 	line "",621,44,0
000001AE  E9FF                   +0 1554   1554 SWAP	W
                                 +0 1555   1555 	line "",623,36,0
000001B0  C603                   +0 1556   1556 	set	(_P3DR).6
                                 +0 1557   1557 	line "",624,44,0
000001B2  E9FF                   +0 1558   1558 SWAP	W
                                 +0 1559   1559 	line "",625,44,0
000001B4  E9FF                   +0 1560   1560 SWAP	W
                                 +0 1561   1561 	line "",627,37,0
000001B6  C802                   +0 1562   1562 	clr	(_P2DR).0
                                 +0 1563   1563 	line "",628,44,0
000001B8  E9FF                   +0 1564   1564 SWAP	W
                                 +0 1565   1565 	line "",629,44,0
000001BA  E9FF                   +0 1566   1566 SWAP	W
                                 +0 1567   1567 	line "",631,36,0
000001BC  CE03                   +0 1568   1568 	clr	(_P3DR).6
                                 +0 1569   1569 	line "",632,47,0
000001BE  F6F9A1                 +0 1570   1570 	ld	(SP-),0xa1
                                 +0 1571   1571 	symbol_a "",51,1,0
000001C1  FD0000               R +0 1572   1572 	cal	_Eep_Send
000001C4  36                     +0 1573   1573 	inc	SP
                                 +0 1574   1574 	symbol_a "",51,0,0
000001C5  E806                   +0 1575   1575 	or	A,A
000001C7  DE18                   +0 1576   1576 	j	t,L27
                                 +0 1577   1577 	line "",634,47,0
                                 +0 1578   1578 	symbol_a "",9,0,7
000001C9  FD0000               R +0 1579   1579 	cal	_Eep_Rece
                                 +0 1580   1580 	symbol_a "",9,1,7
000001CC  46                     +0 1581   1581 	ld	L,A
                                 +0 1582   1582 	line "",635,44,0
000001CD  C603                   +0 1583   1583 	set	(_P3DR).6
                                 +0 1584   1584 	line "",636,52,0
000001CF  E9FF                   +0 1585   1585 SWAP	W
                                 +0 1586   1586 	line "",637,52,0
000001D1  E9FF                   +0 1587   1587 SWAP	W
                                 +0 1588   1588 	line "",638,52,0
000001D3  E9FF                   +0 1589   1589 SWAP	W
                                 +0 1590   1590 	line "",639,52,0
000001D5  E9FF                   +0 1591   1591 SWAP	W
                                 +0 1592   1592 	line "",640,44,0
000001D7  CE03                   +0 1593   1593 	clr	(_P3DR).6
                                 +0 1594   1594 	line "",641,52,0
000001D9  E9FF                   +0 1595   1595 SWAP	W
                                 +0 1596   1596 	line "",642,52,0
000001DB  E9FF                   +0 1597   1597 SWAP	W
                                 +0 1598   1598 	line "",643,52,0
000001DD  E9FF                   +0 1599   1599 SWAP	W
                                 +0 1600   1600 	line "",644,52,0
000001DF  E9FF                   +0 1601   1601 SWAP	W
000001E1                         +0 1602   1602 L27:
                                 +0 1603   1603 	line "",649,21,0
000001E1  C802                   +0 1604   1604 	clr	(_P2DR).0
                                 +0 1605   1605 	line "",650,28,0
000001E3  E9FF                   +0 1606   1606 SWAP	W
                                 +0 1607   1607 	line "",651,28,0
000001E5  E9FF                   +0 1608   1608 SWAP	W
                                 +0 1609   1609 	line "",652,20,0
000001E7  C603                   +0 1610   1610 	set	(_P3DR).6
                                 +0 1611   1611 	line "",653,28,0
000001E9  E9FF                   +0 1612   1612 SWAP	W
                                 +0 1613   1613 	line "",654,28,0
000001EB  E9FF                   +0 1614   1614 SWAP	W
                                 +0 1615   1615 	line "",655,28,0
000001ED  E9FF                   +0 1616   1616 SWAP	W
                                 +0 1617   1617 	line "",656,28,0
000001EF  E9FF                   +0 1618   1618 SWAP	W
                                 +0 1619   1619 	line "",657,21,0
000001F1  C002                   +0 1620   1620 	set	(_P2DR).0
                                 +0 1621   1621 	line "",659,18,0
000001F3  16                     +0 1622   1622 	ld	A,L
                                 +0 1623   1623 	symbol_a "",51,-1,0
000001F4  D3                     +0 1624   1624 	pop	HL
000001F5  FA                     +0 1625   1625 	ret
                                 +0 1626   1626 	symbol_a "",51,0,0
                                 +0 1627   1627 	line "",660,1,0
                                 +0 1628   1628 	symbol_b "Read_Eep",2,660,1
                                 +0 1629   1629 	symbol_b "Eep_Rece",5,0,1
                                 +0 1630   1630 	symbol_t 230,xc,"Eep_Rece",3,0
                                 +0 1631   1631 	symbol_n "Eep_Rece",230,4,1
                                 +0 1632   1632 	symbol_a "Eep_Rece",8,0,0
                                 +0 1633   1633 	line "",663,1,0
                                 +0 1634   1634 	public _Eep_Rece
000001F6                         +0 1635   1635 _Eep_Rece:
                                 +0 1636   1636 	symbol_n "j",3,1,1
                                 +0 1637   1637 	symbol_n "k",3,1,1
                                 +0 1638   1638 	symbol_t 10035,nv,83,0
                                 +0 1639   1639 	symbol_t 10036,O,10035,1
                                 +0 1640   1640 	symbol_t 10037,nv,79,0
                                 +0 1641   1641 	symbol_t 10038,O,10037,1
                                 +0 1642   1642 	symbol_t 10039,nv,67,0
                                 +0 1643   1643 	symbol_t 10040,O,10039,1
                                 +0 1644   1644 	symbol_t 10041,nv,79,0
                                 +0 1645   1645 	symbol_t 10042,O,10041,1
                                 +0 1646   1646 	symbol_t 10043,nv,67,0
                                 +0 1647   1647 	symbol_t 10044,O,10043,1
                                 +0 1648   1648 	symbol_t 10045,nv,79,0
                                 +0 1649   1649 	symbol_t 10046,O,10045,1
                                 +0 1650   1650 	symbol_a "Eep_Rece",6,192,0
                                 +0 1651   1651 	symbol_a "j",2,7,1
                                 +0 1652   1652 	symbol_a "j",7,1,1
                                 +0 1653   1653 	symbol_a "k",2,6,1
                                 +0 1654   1654 	symbol_a "k",7,2,1
                                 +0 1655   1655 	symbol_a "Eep_Rece",0,0,0
                                 +0 1656   1656 	symbol_b "Eep_Rece",6,0,1
                                 +0 1657   1657 	symbol_b "Eep_Rece",1,663,1
000001F6  53                     +0 1658   1658 	push	HL
                                 +0 1659   1659 	symbol_a "",51,0,0
                                 +0 1660   1660 	line "",666,21,0
000001F7  C002                   +0 1661   1661 	set	(_P2DR).0
                                 +0 1662   1662 	line "",668,16,0
                                 +0 1663   1663 	symbol_a "",9,1,7
000001F9  EE35                   +0 1664   1664 	xor	L,L
                                 +0 1665   1665 	symbol_a "",9,2,6
000001FB                         +0 1666   1666 L31:
                                 +0 1667   1667 	line "",670,28,0
000001FB  C603                   +0 1668   1668 	set	(_P3DR).6
                                 +0 1669   1669 	line "",671,36,0
000001FD  E9FF                   +0 1670   1670 SWAP	W
                                 +0 1671   1671 	line "",672,36,0
000001FF  E9FF                   +0 1672   1672 SWAP	W
                                 +0 1673   1673 	line "",673,36,0
00000201  E9FF                   +0 1674   1674 SWAP	W
                                 +0 1675   1675 	line "",674,36,0
00000203  E9FF                   +0 1676   1676 SWAP	W
                                 +0 1677   1677 	line "",676,29,0
00000205  580D                   +0 1678   1678 	test	(_P2PRD).0
00000207  A3                     +0 1679   1679 	j	f,L32
                                 +0 1680   1680 	line "",677,33,0
00000208  EFF4                   +0 1681   1681 	shlc	H
0000020A  FC04                   +0 1682   1682 	j	L33
0000020C                         +0 1683   1683 L32:
                                 +0 1684   1684 	line "",679,40,0
                                 +0 1685   1685 	symbol_a "",9,0,6
0000020C  EFF4                   +0 1686   1686 	shlc	H
                                 +0 1687   1687 	symbol_a "",9,2,6
0000020E  EFC0                   +0 1688   1688 	set	H.0
00000210                         +0 1689   1689 L33:
                                 +0 1690   1690 	line "",680,36,0
00000210  E9FF                   +0 1691   1691 SWAP	W
                                 +0 1692   1692 	line "",681,36,0
00000212  E9FF                   +0 1693   1693 SWAP	W
                                 +0 1694   1694 	line "",682,28,0
00000214  CE03                   +0 1695   1695 	clr	(_P3DR).6
                                 +0 1696   1696 	line "",668,24,0
00000216  26                     +0 1697   1697 	inc	L
                                 +0 1698   1698 	line "",668,20,0
00000217  EE6708                 +0 1699   1699 	cmp	L,0x8
0000021A  DADF                   +0 1700   1700 	j	lt,L31
                                 +0 1701   1701 	line "",684,28,0
                                 +0 1702   1702 	symbol_a "",9,0,7
0000021C  E9FF                   +0 1703   1703 SWAP	W
                                 +0 1704   1704 	line "",685,28,0
0000021E  E9FF                   +0 1705   1705 SWAP	W
                                 +0 1706   1706 	line "",686,21,0
00000220  C002                   +0 1707   1707 	set	(_P2DR).0
                                 +0 1708   1708 	line "",688,18,0
00000222  17                     +0 1709   1709 	ld	A,H
                                 +0 1710   1710 	symbol_a "",51,-1,0
00000223  D3                     +0 1711   1711 	pop	HL
00000224  FA                     +0 1712   1712 	ret
                                 +0 1713   1713 	symbol_a "",51,0,0
                                 +0 1714   1714 	line "",689,1,0
                                 +0 1715   1715 	symbol_b "Eep_Rece",2,689,1
                                 +0 1716   1716 	symbol_b "Write_Eep",5,0,1
                                 +0 1717   1717 	symbol_t 231,xc,"Write_Eep",1,2,"i",3,0,"j",3,0
                                 +0 1718   1718 	symbol_n "Write_Eep",231,4,1
                                 +0 1719   1719 	symbol_a "Write_Eep",8,0,0
                                 +0 1720   1720 	line "",692,1,0
                                 +0 1721   1721 	public _Write_Eep
00000225                         +0 1722   1722 _Write_Eep:
                                 +0 1723   1723 	symbol_t 10047,nv,83,0
                                 +0 1724   1724 	symbol_t 10048,O,10047,1
                                 +0 1725   1725 	symbol_t 10049,nv,79,0
                                 +0 1726   1726 	symbol_t 10050,O,10049,1
                                 +0 1727   1727 	symbol_t 10051,nv,67,0
                                 +0 1728   1728 	symbol_t 10052,O,10051,1
                                 +0 1729   1729 	symbol_t 10053,nv,79,0
                                 +0 1730   1730 	symbol_t 10054,O,10053,1
                                 +0 1731   1731 	symbol_t 10055,nv,67,0
                                 +0 1732   1732 	symbol_t 10056,O,10055,1
                                 +0 1733   1733 	symbol_t 10057,nv,67,0
                                 +0 1734   1734 	symbol_t 10058,O,10057,1
                                 +0 1735   1735 	symbol_t 10059,nv,79,0
                                 +0 1736   1736 	symbol_t 10060,O,10059,1
                                 +0 1737   1737 	symbol_a "Write_Eep",6,0,0
                                 +0 1738   1738 	symbol_a "Write_Eep",0,0,0
                                 +0 1739   1739 	symbol_a "i",1, 3,0
                                 +0 1740   1740 	symbol_a "j",1, 4,0
                                 +0 1741   1741 	symbol_b "Write_Eep",6,0,1
                                 +0 1742   1742 	symbol_b "Write_Eep",1,692,1
                                 +0 1743   1743 	symbol_a "",51,0,0
                                 +0 1744   1744 	line "",693,16,0
00000225  FD0000               R +0 1745   1745 	cal	_Delay
                                 +0 1746   1746 	line "",695,22,0
00000228  CB00                 R +0 1747   1747 	clr	(_FLAG0).3
                                 +0 1748   1748 	line "",697,21,0
0000022A  C002                   +0 1749   1749 	set	(_P2DR).0
                                 +0 1750   1750 	line "",698,21,0
0000022C  C603                   +0 1751   1751 	set	(_P3DR).6
                                 +0 1752   1752 	line "",699,21,0
0000022E  C802                   +0 1753   1753 	clr	(_P2DR).0
                                 +0 1754   1754 	line "",700,28,0
00000230  E9FF                   +0 1755   1755 SWAP	W
                                 +0 1756   1756 	line "",701,28,0
00000232  E9FF                   +0 1757   1757 SWAP	W
                                 +0 1758   1758 	line "",703,20,0
00000234  CE03                   +0 1759   1759 	clr	(_P3DR).6
                                 +0 1760   1760 	line "",705,31,0
00000236  F6F9A0                 +0 1761   1761 	ld	(SP-),0xa0
                                 +0 1762   1762 	symbol_a "",51,1,0
00000239  FD0000               R +0 1763   1763 	cal	_Eep_Send
0000023C  36                     +0 1764   1764 	inc	SP
                                 +0 1765   1765 	symbol_a "",51,0,0
0000023D  E806                   +0 1766   1766 	or	A,A
0000023F  DE1A                   +0 1767   1767 	j	t,L34
                                 +0 1768   1768 	line "",707,36,0
00000241  D60340                 +0 1769   1769 	ld	A,(SP+0x3)
00000244  F678                   +0 1770   1770 	ld	(SP-),A
                                 +0 1771   1771 	symbol_a "",51,1,0
00000246  FD0000               R +0 1772   1772 	cal	_Eep_Send
00000249  36                     +0 1773   1773 	inc	SP
                                 +0 1774   1774 	symbol_a "",51,0,0
0000024A  E806                   +0 1775   1775 	or	A,A
0000024C  8D                     +0 1776   1776 	j	t,L34
                                 +0 1777   1777 	line "",709,44,0
0000024D  D60440                 +0 1778   1778 	ld	A,(SP+0x4)
00000250  F678                   +0 1779   1779 	ld	(SP-),A
                                 +0 1780   1780 	symbol_a "",51,1,0
00000252  FD0000               R +0 1781   1781 	cal	_Eep_Send
00000255  36                     +0 1782   1782 	inc	SP
                                 +0 1783   1783 	symbol_a "",51,0,0
00000256  E806                   +0 1784   1784 	or	A,A
00000258  81                     +0 1785   1785 	j	t,L34
                                 +0 1786   1786 	line "",710,46,0
00000259  C300                 R +0 1787   1787 	set	(_FLAG0).3
0000025B                         +0 1788   1788 L34:
                                 +0 1789   1789 	line "",714,20,0
0000025B  C603                   +0 1790   1790 	set	(_P3DR).6
                                 +0 1791   1791 	line "",715,28,0
0000025D  E9FF                   +0 1792   1792 SWAP	W
                                 +0 1793   1793 	line "",716,28,0
0000025F  E9FF                   +0 1794   1794 SWAP	W
                                 +0 1795   1795 	line "",717,21,0
00000261  C002                   +0 1796   1796 	set	(_P2DR).0
                                 +0 1797   1797 	line "",718,1,0
00000263  FA                     +0 1798   1798 	ret
                                 +0 1799   1799 	symbol_b "Write_Eep",2,718,1
                                 +0 1800   1800 	symbol_b "Eep_Send",5,0,1
                                 +0 1801   1801 	symbol_t 232,xc,"Eep_Send",3,1,"t_data",3,0
                                 +0 1802   1802 	symbol_n "Eep_Send",232,4,1
                                 +0 1803   1803 	symbol_a "Eep_Send",8,0,0
                                 +0 1804   1804 	line "",721,1,0
                                 +0 1805   1805 	public _Eep_Send
00000264                         +0 1806   1806 _Eep_Send:
                                 +0 1807   1807 	symbol_n "j",3,1,1
                                 +0 1808   1808 	symbol_n "k",3,1,1
                                 +0 1809   1809 	symbol_t 10061,nv,83,0
                                 +0 1810   1810 	symbol_t 10062,O,10061,1
                                 +0 1811   1811 	symbol_t 10063,nv,79,0
                                 +0 1812   1812 	symbol_t 10064,O,10063,1
                                 +0 1813   1813 	symbol_t 10065,nv,79,0
                                 +0 1814   1814 	symbol_t 10066,O,10065,1
                                 +0 1815   1815 	symbol_t 10067,nv,67,0
                                 +0 1816   1816 	symbol_t 10068,O,10067,1
                                 +0 1817   1817 	symbol_t 10069,nv,67,0
                                 +0 1818   1818 	symbol_t 10070,O,10069,1
                                 +0 1819   1819 	symbol_t 10071,nv,79,0
                                 +0 1820   1820 	symbol_t 10072,O,10071,1
                                 +0 1821   1821 	symbol_t 10073,nv,67,0
                                 +0 1822   1822 	symbol_t 10074,O,10073,1
                                 +0 1823   1823 	symbol_t 10075,nv,79,0
                                 +0 1824   1824 	symbol_t 10076,O,10075,1
                                 +0 1825   1825 	symbol_t 10077,nv,67,0
                                 +0 1826   1826 	symbol_t 10078,O,10077,1
                                 +0 1827   1827 	symbol_t 10079,nv,79,0
                                 +0 1828   1828 	symbol_t 10080,O,10079,1
                                 +0 1829   1829 	symbol_a "Eep_Send",6,192,0
                                 +0 1830   1830 	symbol_a "j",2,6,1
                                 +0 1831   1831 	symbol_a "j",7,1,1
                                 +0 1832   1832 	symbol_a "k",2,1,1
                                 +0 1833   1833 	symbol_a "k",7,2,1
                                 +0 1834   1834 	symbol_a "t_data",2,7,0
                                 +0 1835   1835 	symbol_a "t_data",7,9,0
                                 +0 1836   1836 	symbol_a "Eep_Send",0,0,0
                                 +0 1837   1837 	symbol_b "Eep_Send",6,0,1
                                 +0 1838   1838 	symbol_b "Eep_Send",1,721,1
00000264  53                     +0 1839   1839 	push	HL
                                 +0 1840   1840 	symbol_a "",51,0,0
                                 +0 1841   1841 	symbol_a "",9,9,7
00000265  D60546                 +0 1842   1842 	ld	L,(SP+0x5)
                                 +0 1843   1843 	line "",724,16,0
                                 +0 1844   1844 	symbol_a "",9,1,6
00000268  EF3D                   +0 1845   1845 	xor	H,H
0000026A                         +0 1846   1846 L38:
                                 +0 1847   1847 	line "",726,43,0
0000026A  EE5F                   +0 1848   1848 	test	L.7
0000026C  A3                     +0 1849   1849 	j	f,L39
                                 +0 1850   1850 	line "",727,37,0
0000026D  C802                   +0 1851   1851 	clr	(_P2DR).0
0000026F  FC02                   +0 1852   1852 	j	L40
00000271                         +0 1853   1853 L39:
                                 +0 1854   1854 	line "",729,37,0
00000271  C002                   +0 1855   1855 	set	(_P2DR).0
00000273                         +0 1856   1856 L40:
                                 +0 1857   1857 	line "",731,29,0
00000273  EEF4                   +0 1858   1858 	shlc	L
                                 +0 1859   1859 	line "",732,36,0
00000275  E9FF                   +0 1860   1860 SWAP	W
                                 +0 1861   1861 	line "",733,36,0
00000277  E9FF                   +0 1862   1862 SWAP	W
                                 +0 1863   1863 	line "",735,28,0
00000279  C603                   +0 1864   1864 	set	(_P3DR).6
                                 +0 1865   1865 	line "",736,36,0
0000027B  E9FF                   +0 1866   1866 SWAP	W
                                 +0 1867   1867 	line "",737,36,0
0000027D  E9FF                   +0 1868   1868 SWAP	W
                                 +0 1869   1869 	line "",739,28,0
0000027F  CE03                   +0 1870   1870 	clr	(_P3DR).6
                                 +0 1871   1871 	line "",724,24,0
00000281  27                     +0 1872   1872 	inc	H
                                 +0 1873   1873 	line "",724,20,0
00000282  EF6708                 +0 1874   1874 	cmp	H,0x8
00000285  DAE3                   +0 1875   1875 	j	lt,L38
                                 +0 1876   1876 	line "",742,28,0
                                 +0 1877   1877 	symbol_a "",9,0,6
                                 +0 1878   1878 	symbol_a "",9,0,7
00000287  E9FF                   +0 1879   1879 SWAP	W
                                 +0 1880   1880 	line "",743,28,0
00000289  E9FF                   +0 1881   1881 SWAP	W
                                 +0 1882   1882 	line "",744,21,0
0000028B  C002                   +0 1883   1883 	set	(_P2DR).0
                                 +0 1884   1884 	line "",745,21,0
0000028D  C603                   +0 1885   1885 	set	(_P3DR).6
                                 +0 1886   1886 	line "",746,28,0
0000028F  E9FF                   +0 1887   1887 SWAP	W
                                 +0 1888   1888 	line "",747,28,0
00000291  E9FF                   +0 1889   1889 SWAP	W
                                 +0 1890   1890 	line "",749,21,0
00000293  0C0D                   +0 1891   1891 	ld	A,(_P2PRD)
00000295  6401                   +0 1892   1892 	and	A,0x1
00000297  42                     +0 1893   1893 	ld	C,A
                                 +0 1894   1894 	line "",752,22,0
                                 +0 1895   1895 	symbol_a "",9,2,1
00000298  E805                   +0 1896   1896 	xor	A,A
                                 +0 1897   1897 	line "",749,21,0
0000029A  EA16                   +0 1898   1898 	or	C,C
0000029C  A1                     +0 1899   1899 	j	f,L41
                                 +0 1900   1900 	line "",750,22,0
                                 +0 1901   1901 	symbol_a "",9,0,1
                                 +0 1902   1902 	symbol_a "",9,2,1
0000029D  1801                   +0 1903   1903 	ld	A,0x1
0000029F                         +0 1904   1904 L41:
                                 +0 1905   1905 	line "",754,21,0
0000029F  CE03                   +0 1906   1906 	clr	(_P3DR).6
                                 +0 1907   1907 	line "",755,21,0
000002A1  C802                   +0 1908   1908 	clr	(_P2DR).0
                                 +0 1909   1909 	symbol_a "",51,-1,0
                                 +0 1910   1910 	line "",757,18,0
000002A3  D3                     +0 1911   1911 	pop	HL
000002A4  FA                     +0 1912   1912 	ret
                                 +0 1913   1913 	symbol_a "",51,0,0
                                 +0 1914   1914 	line "",758,1,0
                                 +0 1915   1915 	symbol_b "Eep_Send",2,758,1
                                 +0 1916   1916 	symbol_b "Delay",5,0,1
                                 +0 1917   1917 	symbol_t 233,xc,"Delay",1,0
                                 +0 1918   1918 	symbol_n "Delay",233,4,1
                                 +0 1919   1919 	symbol_a "Delay",8,0,0
                                 +0 1920   1920 	line "",762,1,0
                                 +0 1921   1921 	public _Delay
000002A5                         +0 1922   1922 _Delay:
                                 +0 1923   1923 	symbol_a "Delay",6,0,0
                                 +0 1924   1924 	symbol_a "Delay",0,0,0
                                 +0 1925   1925 	symbol_b "Delay",6,0,1
                                 +0 1926   1926 	symbol_b "Delay",1,762,1
                                 +0 1927   1927 	symbol_a "",51,0,0
                                 +0 1928   1928 	line "",763,37,0
000002A5  50                     +0 1929   1929 		PUSH	WA
                                 +0 1930   1930 	line "",764,50,0
000002A6  48B80B                 +0 1931   1931 		LD		WA,3000
                                 +0 1932   1932 	line "",765,37,0
000002A9  38                     +0 1933   1933 DELAY1: DEC	WA
                                 +0 1934   1934 	line "",766,55,0
000002AA  E86F0000               +0 1935   1935 		CMP		WA,0
                                 +0 1936   1936 	line "",767,52,0
000002AE  D9F9                   +0 1937   1937 		J		NE,DELAY1
                                 +0 1938   1938 	line "",768,45,0
000002B0  D0                     +0 1939   1939 		POP		WA
                                 +0 1940   1940 	line "",769,1,0
000002B1  FA                     +0 1941   1941 	ret
                                 +0 1942   1942 	symbol_b "Delay",2,769,1
                                 +0 1943   1943 	symbol_b "One_Secpr",5,0,1
                                 +0 1944   1944 	symbol_t 234,xc,"One_Secpr",1,0
                                 +0 1945   1945 	symbol_n "One_Secpr",234,4,1
                                 +0 1946   1946 	symbol_a "One_Secpr",8,0,0
                                 +0 1947   1947 	line "",772,1,0
                                 +0 1948   1948 	public _One_Secpr
000002B2                         +0 1949   1949 _One_Secpr:
                                 +0 1950   1950 	symbol_a "One_Secpr",6,0,0
                                 +0 1951   1951 	symbol_a "One_Secpr",0,0,0
                                 +0 1952   1952 	symbol_b "One_Secpr",6,0,1
                                 +0 1953   1953 	symbol_b "One_Secpr",1,772,1
                                 +0 1954   1954 	symbol_a "",51,0,0
                                 +0 1955   1955 	line "",773,23,0
000002B2  5A00                 R +0 1956   1956 	test	(_FLAG0).2
000002B4  DE48                   +0 1957   1957 	j	t,L43
                                 +0 1958   1958 	line "",776,27,0
000002B6  CA00                 R +0 1959   1959 	clr	(_FLAG0).2
                                 +0 1960   1960 	line "",778,38,0
000002B8  070000               R +0 1961   1961 	cmp	(_R_dispcounter),0x0
000002BB  A4                     +0 1962   1962 	j	f,L44
                                 +0 1963   1963 	line "",779,40,0
000002BC  0A0000               R +0 1964   1964 	ld	(_R_displayph),0x0
000002BF  FC03                   +0 1965   1965 	j	L45
000002C1                         +0 1966   1966 L44:
                                 +0 1967   1967 	line "",781,40,0
000002C1  E000F8               R +0 1968   1968 	dec	(_R_dispcounter)
000002C4                         +0 1969   1969 L45:
                                 +0 1970   1970 	line "",783,38,0
000002C4  070000               R +0 1971   1971 	cmp	(_R_memstatetimer),0x0
000002C7  A3                     +0 1972   1972 	j	f,L46
                                 +0 1973   1973 	line "",784,39,0
000002C8  C900                 R +0 1974   1974 	clr	(_FLAG2).1
000002CA  FC03                   +0 1975   1975 	j	L47
000002CC                         +0 1976   1976 L46:
                                 +0 1977   1977 	line "",786,42,0
000002CC  E000F8               R +0 1978   1978 	dec	(_R_memstatetimer)
000002CF                         +0 1979   1979 L47:
                                 +0 1980   1980 	line "",788,39,0
000002CF  070000               R +0 1981   1981 	cmp	(_R_radiosafetimer),0x0
000002D2  82                     +0 1982   1982 	j	t,L48
                                 +0 1983   1983 	line "",789,43,0
000002D3  E000F8               R +0 1984   1984 	dec	(_R_radiosafetimer)
000002D6                         +0 1985   1985 L48:
                                 +0 1986   1986 	line "",791,35,0
000002D6  070000               R +0 1987   1987 	cmp	(_R_resettimer),0x0
000002D9  82                     +0 1988   1988 	j	t,L49
                                 +0 1989   1989 	line "",792,39,0
000002DA  E000F8               R +0 1990   1990 	dec	(_R_resettimer)
000002DD                         +0 1991   1991 L49:
                                 +0 1992   1992 	line "",794,45,0
000002DD  0700FA               R +0 1993   1993 	cmp	(_R_waterlevelcounter),0xfa
000002E0  DB03                   +0 1994   1994 	j	ge,L50
                                 +0 1995   1995 	line "",795,46,0
000002E2  E000F0               R +0 1996   1996 	inc	(_R_waterlevelcounter)
000002E5                         +0 1997   1997 L50:
                                 +0 1998   1998 	line "",797,34,0
000002E5  E000F0               R +0 1999   1999 	inc	(_R_timer1s)
000002E8  0C00                 R +0 2000   2000 	ld	A,(_R_timer1s)
000002EA  6704                   +0 2001   2001 	cmp	A,0x4
000002EC  DC10                   +0 2002   2002 	j	le,L43
                                 +0 2003   2003 	line "",799,38,0
000002EE  0A0000               R +0 2004   2004 	ld	(_R_timer1s),0x0
                                 +0 2005   2005 	line "",800,44,0
000002F1  E00048               R +0 2006   2006 	ld	WA,(_R_aniontimer)
000002F4  E886                   +0 2007   2007 	or	WA,WA
000002F6  86                     +0 2008   2008 	j	t,L43
                                 +0 2009   2009 	line "",801,47,0
000002F7  E00048               R +0 2010   2010 	ld	WA,(_R_aniontimer)
000002FA  38                     +0 2011   2011 	dec	WA
000002FB  F00068               R +0 2012   2012 	ld	(_R_aniontimer),WA
000002FE                         +0 2013   2013 L43:
                                 +0 2014   2014 	line "",804,1,0
000002FE  FA                     +0 2015   2015 	ret
                                 +0 2016   2016 	symbol_b "One_Secpr",2,804,1
                                 +0 2017   2017 	symbol_t 235,Z,"",202,1,"",-1,0
                                 +0 2018   2018 	symbol_t 236,O,235,1
                                 +0 2019   2019 	symbol_t 237,Z,"",202,1,"",10,0
                                 +0 2020   2020 	symbol_t 238,O,237,1
                                 +0 2021   2021 	symbol_n "TBL_PR1500_keycode",237,4,0
                                 +0 2022   2022 n_const section romdata medium align=1,1
                                 +0 2023   2023 	symbol_a "TBL_PR1500_keycode",8,0,0
                                 +0 2024   2024 	public _TBL_PR1500_keycode
00000014                         +0 2025   2025 _TBL_PR1500_keycode:
00000014  0001020304050607       +0 2026   2026 	db 0,1,2,3,4,5,6,7
0000001C                         +0 2027   2027 	align 1
0000001C  08FF                   +0 2028   2028 	db 8,255
                                 +0 2029   2029 	symbol_t 239,Z,"",202,1,"",-1,0
                                 +0 2030   2030 	symbol_t 240,O,239,1
                                 +0 2031   2031 	symbol_n "TBL_PR1501_keycode",237,4,0
                                 +0 2032   2032 	symbol_a "TBL_PR1501_keycode",8,0,0
                                 +0 2033   2033 	public _TBL_PR1501_keycode
0000001E                         +0 2034   2034 _TBL_PR1501_keycode:
0000001E  000B0C090405060A       +0 2035   2035 	db 0,11,12,9,4,5,6,10
00000026                         +0 2036   2036 	align 1
00000026  08FF                   +0 2037   2037 	db 8,255
                                 +0 2038   2038 	symbol_t 241,Z,"",202,1,"",-1,0
                                 +0 2039   2039 	symbol_t 242,O,241,1
                                 +0 2040   2040 	symbol_n "TBL_PR1502_keycode",237,4,0
                                 +0 2041   2041 	symbol_a "TBL_PR1502_keycode",8,0,0
                                 +0 2042   2042 	public _TBL_PR1502_keycode
00000028                         +0 2043   2043 _TBL_PR1502_keycode:
00000028  0001020304050607       +0 2044   2044 	db 0,1,2,3,4,5,6,7
00000030                         +0 2045   2045 	align 1
00000030  08FF                   +0 2046   2046 	db 8,255
                                 +0 2047   2047 	symbol_t 243,Z,"",202,1,"",-1,0
                                 +0 2048   2048 	symbol_t 244,O,243,1
                                 +0 2049   2049 	symbol_n "TBL_PR1503_keycode",237,4,0
                                 +0 2050   2050 	symbol_a "TBL_PR1503_keycode",8,0,0
                                 +0 2051   2051 	public _TBL_PR1503_keycode
00000032                         +0 2052   2052 _TBL_PR1503_keycode:
00000032  000B0C090405060A       +0 2053   2053 	db 0,11,12,9,4,5,6,10
0000003A                         +0 2054   2054 	align 1
0000003A  08FF                   +0 2055   2055 	db 8,255
                                 +0 2056   2056 	symbol_t 245,Z,"",202,1,"",-1,0
                                 +0 2057   2057 	symbol_t 246,O,245,1
                                 +0 2058   2058 	symbol_n "TBL_PR1510_keycode",237,4,0
                                 +0 2059   2059 	symbol_a "TBL_PR1510_keycode",8,0,0
                                 +0 2060   2060 	public _TBL_PR1510_keycode
0000003C                         +0 2061   2061 _TBL_PR1510_keycode:
0000003C  0001020304050607       +0 2062   2062 	db 0,1,2,3,4,5,6,7
00000044                         +0 2063   2063 	align 1
00000044  08FF                   +0 2064   2064 	db 8,255
                                 +0 2065   2065 	symbol_t 247,Z,"",202,1,"",-1,0
                                 +0 2066   2066 	symbol_t 248,O,247,1
                                 +0 2067   2067 	symbol_n "TBL_PR1510A_keycode",237,4,0
                                 +0 2068   2068 	symbol_a "TBL_PR1510A_keycode",8,0,0
                                 +0 2069   2069 	public _TBL_PR1510A_keycode
00000046                         +0 2070   2070 _TBL_PR1510A_keycode:
00000046  000B0C090405060A       +0 2071   2071 	db 0,11,12,9,4,5,6,10
0000004E                         +0 2072   2072 	align 1
0000004E  08FF                   +0 2073   2073 	db 8,255
                                 +0 2074   2074 	symbol_t 249,Z,"",202,1,"",-1,0
                                 +0 2075   2075 	symbol_t 250,O,249,1
                                 +0 2076   2076 	symbol_n "TBL_PR1511_keycode",237,4,0
                                 +0 2077   2077 	symbol_a "TBL_PR1511_keycode",8,0,0
                                 +0 2078   2078 	public _TBL_PR1511_keycode
00000050                         +0 2079   2079 _TBL_PR1511_keycode:
00000050  0001020304050607       +0 2080   2080 	db 0,1,2,3,4,5,6,7
00000058                         +0 2081   2081 	align 1
00000058  08FF                   +0 2082   2082 	db 8,255
                                 +0 2083   2083 	symbol_b "Scan_Key",5,0,1
                                 +0 2084   2084 	symbol_t 251,xc,"Scan_Key",1,0
                                 +0 2085   2085 	symbol_n "Scan_Key",251,4,1
                                 +0 2086   2086 n_code section code medium align=1,1
                                 +0 2087   2087 	symbol_a "Scan_Key",8,0,0
                                 +0 2088   2088 	line "",907,1,0
                                 +0 2089   2089 	public _Scan_Key
000002FF                         +0 2090   2090 _Scan_Key:
                                 +0 2091   2091 	symbol_n "i",3,1,1
                                 +0 2092   2092 	symbol_n "keycode",3,1,1
                                 +0 2093   2093 	symbol_a "Scan_Key",6,192,0
                                 +0 2094   2094 	symbol_a "i",2,3,1
                                 +0 2095   2095 	symbol_a "i",7,1,1
                                 +0 2096   2096 	symbol_a "keycode",2,7,1
                                 +0 2097   2097 	symbol_a "keycode",7,2,1
                                 +0 2098   2098 	symbol_a "Scan_Key",0,0,0
                                 +0 2099   2099 	symbol_b "Scan_Key",6,0,1
                                 +0 2100   2100 	symbol_b "Scan_Key",1,907,1
000002FF  53                     +0 2101   2101 	push	HL
                                 +0 2102   2102 	symbol_a "",51,0,0
                                 +0 2103   2103 	line "",910,29,0
00000300  070009               R +0 2104   2104 	cmp	(_R_scankey_ph),0x9
00000303  DF79                   +0 2105   2105 	j	f,L53
                                 +0 2106   2106 	line "",912,25,0
                                 +0 2107   2107 	symbol_a "",9,1,3
00000305  EA15                   +0 2108   2108 	xor	C,C
00000307                         +0 2109   2109 L55:
                                 +0 2110   2110 	line "",914,54,0
00000307  0C00                 R +0 2111   2111 	ld	A,(_R_sckeycode)
00000309  E85F                   +0 2112   2112 	test	A.7
0000030B  8F                     +0 2113   2113 	j	t,L54
                                 +0 2114   2114 	line "",917,52,0
0000030C  E00048               R +0 2115   2115 	ld	WA,(_R_sckeycode)
0000030F  E9F5                   +0 2116   2116 	shrc	W
00000311  E8F7                   +0 2117   2117 	rorc	A
00000313  F00068               R +0 2118   2118 	ld	(_R_sckeycode),WA
                                 +0 2119   2119 	line "",912,33,0
00000316  22                     +0 2120   2120 	inc	C
                                 +0 2121   2121 	line "",912,29,0
00000317  EA6709                 +0 2122   2122 	cmp	C,0x9
0000031A  DAEB                   +0 2123   2123 	j	lt,L55
0000031C                         +0 2124   2124 L54:
                                 +0 2125   2125 	line "",920,24,0
0000031C  EA6709                 +0 2126   2126 	cmp	C,0x9
0000031F  DB1D                   +0 2127   2127 	j	ge,L57
                                 +0 2128   2128 	line "",922,49,0
00000321  F67A                   +0 2129   2129 	ld	(SP-),C
                                 +0 2130   2130 	symbol_a "",51,1,0
                                 +0 2131   2131 	symbol_a "",9,0,3
00000323  FD0000               R +0 2132   2132 	cal	_Key_convert
                                 +0 2133   2133 	symbol_a "",9,2,7
00000326  46                     +0 2134   2134 	ld	L,A
                                 +0 2135   2135 	line "",923,46,0
00000327  F67E                   +0 2136   2136 	ld	(SP-),L
                                 +0 2137   2137 	symbol_a "",51,2,0
00000329  FD0000               R +0 2138   2138 	cal	_Contin_Keypr
0000032C  D2                     +0 2139   2139 	pop	DE
                                 +0 2140   2140 	symbol_a "",51,0,0
                                 +0 2141   2141 	line "",925,50,0
0000032D  E00037               R +0 2142   2142 	cmp	L,(_R_keycodeold)
00000330  87                     +0 2143   2143 	j	t,L58
                                 +0 2144   2144 	line "",927,55,0
00000331  F0007E               R +0 2145   2145 	ld	(_R_keycodenew),L
                                 +0 2146   2146 	line "",928,55,0
00000334  F0007E               R +0 2147   2147 	ld	(_R_keycodeold),L
00000337  FC42                   +0 2148   2148 	j	L60
                                 +0 2149   2149 	symbol_a "",9,0,7
00000339                         +0 2150   2150 L58:
                                 +0 2151   2151 	line "",931,52,0
00000339  0A00FF               R +0 2152   2152 	ld	(_R_keycodenew),0xff
0000033C  FC3D                   +0 2153   2153 	j	L60
0000033E                         +0 2154   2154 L57:
                                 +0 2155   2155 	line "",937,27,0
0000033E  0C00                 R +0 2156   2156 	ld	A,(_R_keycodeold)
00000340  6702                   +0 2157   2157 	cmp	A,0x2
00000342  87                     +0 2158   2158 	j	t,L61
00000343  670C                   +0 2159   2159 	cmp	A,0xc
00000345  DF13                   +0 2160   2160 	j	f,L62
00000347  070000               R +0 2161   2161 	cmp	(_R_displayph),0x0
0000034A  AE                     +0 2162   2162 	j	f,L62
0000034B                         +0 2163   2163 L61:
                                 +0 2164   2164 	line "",939,76,0
0000034B  07000C               R +0 2165   2165 	cmp	(_R_continuekeytm),0xc
0000034E  DA25                   +0 2166   2166 	j	lt,L71
00000350  070001               R +0 2167   2167 	cmp	(_R_audiostate),0x1
00000353  DF20                   +0 2168   2168 	j	f,L71
                                 +0 2169   2169 	line "",941,57,0
00000355  0A0001               R +0 2170   2170 	ld	(_R_radiostate),0x1
                                 +0 2171   2171 	line "",942,59,0
00000358  FC18                   +0 2172   2172 	j	L50001
0000035A                         +0 2173   2173 L62:
                                 +0 2174   2174 	line "",948,35,0
0000035A  6701                   +0 2175   2175 	cmp	A,0x1
0000035C  88                     +0 2176   2176 	j	t,L66
0000035D  670B                   +0 2177   2177 	cmp	A,0xb
0000035F  DF1F                   +0 2178   2178 	j	f,L67
00000361  070000               R +0 2179   2179 	cmp	(_R_displayph),0x0
00000364  DF1A                   +0 2180   2180 	j	f,L67
00000366                         +0 2181   2181 L66:
                                 +0 2182   2182 	line "",950,76,0
00000366  07000C               R +0 2183   2183 	cmp	(_R_continuekeytm),0xc
00000369  DA0A                   +0 2184   2184 	j	lt,L71
0000036B  070001               R +0 2185   2185 	cmp	(_R_audiostate),0x1
0000036E  A5                     +0 2186   2186 	j	f,L71
                                 +0 2187   2187 	line "",952,57,0
0000036F  0A0002               R +0 2188   2188 	ld	(_R_radiostate),0x2
00000372                         +0 2189   2189 L50001:
                                 +0 2190   2190 	line "",953,59,0
00000372  0A0000               R +0 2191   2191 	ld	(_R_radiosrtimer),0x0
00000375                         +0 2192   2192 L71:
                                 +0 2193   2193 	line "",966,52,0
00000375  0A0000               R +0 2194   2194 	ld	(_R_continuekeytm),0x0
00000378                         +0 2195   2195 L65:
                                 +0 2196   2196 	line "",968,44,0
00000378  0A007F               R +0 2197   2197 	ld	(_R_keycodeold),0x7f
0000037B                         +0 2198   2198 L60:
                                 +0 2199   2199 	line "",971,33,0
0000037B  0A0000               R +0 2200   2200 	ld	(_R_scankey_ph),0x0
0000037E                         +0 2201   2201 L53:
                                 +0 2202   2202 	symbol_a "",51,-1,0
                                 +0 2203   2203 	line "",973,1,0
0000037E  D3                     +0 2204   2204 	pop	HL
0000037F  FA                     +0 2205   2205 	ret
                                 +0 2206   2206 	symbol_a "",51,0,0
00000380                         +0 2207   2207 L67:
                                 +0 2208   2208 	line "",957,55,0
00000380  6706                   +0 2209   2209 	cmp	A,0x6
00000382  B1                     +0 2210   2210 	j	f,L71
                                 +0 2211   2211 	line "",959,55,0
00000383  07001E               R +0 2212   2212 	cmp	(_R_continuekeytm),0x1e
00000386  DA05                   +0 2213   2213 	j	lt,L72
                                 +0 2214   2214 	line "",960,60,0
00000388  0A00FF               R +0 2215   2215 	ld	(_R_keycodenew),0xff
0000038B  FCEB                   +0 2216   2216 	j	L65
0000038D                         +0 2217   2217 L72:
                                 +0 2218   2218 	line "",962,63,0
0000038D  0A0006               R +0 2219   2219 	ld	(_R_keycodenew),0x6
00000390  FCE6                   +0 2220   2220 	j	L65
                                 +0 2221   2221 	line "",973,1,0
                                 +0 2222   2222 	symbol_b "Scan_Key",2,973,1
                                 +0 2223   2223 	symbol_b "Contin_Keypr",5,0,1
                                 +0 2224   2224 	symbol_t 252,xc,"Contin_Keypr",1,1,"Key",3,0
                                 +0 2225   2225 	symbol_n "Contin_Keypr",252,4,1
                                 +0 2226   2226 	symbol_a "Contin_Keypr",8,0,0
                                 +0 2227   2227 	line "",976,1,0
                                 +0 2228   2228 	public _Contin_Keypr
00000392                         +0 2229   2229 _Contin_Keypr:
                                 +0 2230   2230 	symbol_a "Contin_Keypr",6,0,0
                                 +0 2231   2231 	symbol_a "Key",2,3,0
                                 +0 2232   2232 	symbol_a "Key",7,1,0
                                 +0 2233   2233 	symbol_a "Contin_Keypr",0,0,0
                                 +0 2234   2234 	symbol_b "Contin_Keypr",6,0,1
                                 +0 2235   2235 	symbol_b "Contin_Keypr",1,976,1
                                 +0 2236   2236 	symbol_a "",51,0,0
                                 +0 2237   2237 	symbol_a "",9,1,3
00000392  D60342                 +0 2238   2238 	ld	C,(SP+0x3)
                                 +0 2239   2239 	line "",979,11,0
00000395  EA6707                 +0 2240   2240 	cmp	C,0x7
00000398  8F                     +0 2241   2241 	j	t,L75
00000399  EA6703                 +0 2242   2242 	cmp	C,0x3
0000039C  8B                     +0 2243   2243 	j	t,L75
0000039D  EA670C                 +0 2244   2244 	cmp	C,0xc
000003A0  83                     +0 2245   2245 	j	t,L77
000003A1  EA670B                 +0 2246   2246 	cmp	C,0xb
000003A4  AA                     +0 2247   2247 	j	f,L76
000003A5                         +0 2248   2248 L77:
000003A5  070001               R +0 2249   2249 	cmp	(_R_displayph),0x1
000003A8  A6                     +0 2250   2250 	j	f,L76
                                 +0 2251   2251 	symbol_a "",9,0,3
000003A9                         +0 2252   2252 L75:
                                 +0 2253   2253 	line "",981,39,0
000003A9  0C00                 R +0 2254   2254 	ld	A,(_R_continuekeytm)
000003AB  6712                   +0 2255   2255 	cmp	A,0x12
000003AD  DB17                   +0 2256   2256 	j	ge,L50002
                                 +0 2257   2257 	line "",983,45,0
000003AF  FA                     +0 2258   2258 	ret
                                 +0 2259   2259 	symbol_a "",9,1,3
000003B0                         +0 2260   2260 L76:
                                 +0 2261   2261 	line "",989,20,0
000003B0  EA6702                 +0 2262   2262 	cmp	C,0x2
000003B3  8B                     +0 2263   2263 	j	t,L81
000003B4  EA6701                 +0 2264   2264 	cmp	C,0x1
000003B7  87                     +0 2265   2265 	j	t,L81
000003B8  EA670C                 +0 2266   2266 	cmp	C,0xc
000003BB  83                     +0 2267   2267 	j	t,L81
000003BC  EA670B                 +0 2268   2268 	cmp	C,0xb
000003BF  AC                     +0 2269   2269 	j	f,L82
                                 +0 2270   2270 	symbol_a "",9,0,3
000003C0                         +0 2271   2271 L81:
                                 +0 2272   2272 	line "",991,39,0
000003C0  0C00                 R +0 2273   2273 	ld	A,(_R_continuekeytm)
000003C2  6710                   +0 2274   2274 	cmp	A,0x10
000003C4  DA20                   +0 2275   2275 	j	lt,L80
000003C6                         +0 2276   2276 L50002:
                                 +0 2277   2277 	line "",993,45,0
000003C6  0A000C               R +0 2278   2278 	ld	(_R_continuekeytm),0xc
                                 +0 2279   2279 	line "",994,44,0
000003C9  0A00FF               R +0 2280   2280 	ld	(_R_keycodeold),0xff
000003CC  FA                     +0 2281   2281 	ret
                                 +0 2282   2282 	symbol_a "",9,1,3
000003CD                         +0 2283   2283 L82:
                                 +0 2284   2284 	line "",997,29,0
000003CD  EA6706                 +0 2285   2285 	cmp	C,0x6
000003D0  DF14                   +0 2286   2286 	j	f,L80
                                 +0 2287   2287 	line "",999,63,0
000003D2  0C00                 R +0 2288   2288 	ld	A,(_R_continuekeytm)
000003D4  6714                   +0 2289   2289 	cmp	A,0x14
000003D6  DA04                   +0 2290   2290 	j	lt,L88
000003D8  6720                   +0 2291   2291 	cmp	A,0x20
000003DA  DA04                   +0 2292   2292 	j	lt,L89
000003DC                         +0 2293   2293 L88:
                                 +0 2294   2294 	line "",1000,43,0
000003DC  F0007A               R +0 2295   2295 	ld	(_R_keycodeold),C
000003DF  FA                     +0 2296   2296 	ret
                                 +0 2297   2297 	symbol_a "",9,0,3
000003E0                         +0 2298   2298 L89:
                                 +0 2299   2299 	line "",1003,45,0
000003E0  0A0020               R +0 2300   2300 	ld	(_R_continuekeytm),0x20
                                 +0 2301   2301 	line "",1004,44,0
000003E3  0A007F               R +0 2302   2302 	ld	(_R_keycodeold),0x7f
000003E6                         +0 2303   2303 L80:
                                 +0 2304   2304 	line "",1007,1,0
000003E6  FA                     +0 2305   2305 	ret
                                 +0 2306   2306 	symbol_b "Contin_Keypr",2,1007,1
                                 +0 2307   2307 	symbol_b "Water_Levepr",5,0,1
                                 +0 2308   2308 	symbol_t 253,xc,"Water_Levepr",1,0
                                 +0 2309   2309 	symbol_n "Water_Levepr",253,4,1
                                 +0 2310   2310 	symbol_a "Water_Levepr",8,0,0
                                 +0 2311   2311 	line "",1011,1,0
                                 +0 2312   2312 	public _Water_Levepr
000003E7                         +0 2313   2313 _Water_Levepr:
                                 +0 2314   2314 	symbol_t 10081,nv,83,0
                                 +0 2315   2315 	symbol_t 10082,O,10081,1
                                 +0 2316   2316 	symbol_t 10083,nv,69,0
                                 +0 2317   2317 	symbol_t 10084,O,10083,1
                                 +0 2318   2318 	symbol_t 10085,nv,69,0
                                 +0 2319   2319 	symbol_t 10086,O,10085,1
                                 +0 2320   2320 	symbol_t 10087,nv,69,0
                                 +0 2321   2321 	symbol_t 10088,O,10087,1
                                 +0 2322   2322 	symbol_a "Water_Levepr",6,0,0
                                 +0 2323   2323 	symbol_a "Water_Levepr",0,0,0
                                 +0 2324   2324 	symbol_b "Water_Levepr",6,0,1
                                 +0 2325   2325 	symbol_b "Water_Levepr",1,1011,1
                                 +0 2326   2326 	symbol_a "",51,0,0
                                 +0 2327   2327 	line "",1012,16,0
000003E7  C500                   +0 2328   2328 	set	(_P0DR).5
                                 +0 2329   2329 	line "",1013,26,0
000003E9  5B00                 R +0 2330   2330 	test	(_FLAG1).3
000003EB  AF                     +0 2331   2331 	j	f,L91
                                 +0 2332   2332 	line "",1015,35,0
000003EC  5D0C                   +0 2333   2333 	test	(_P0PRD).5
000003EE  AF                     +0 2334   2334 	j	f,L50003
                                 +0 2335   2335 	line "",1021,52,0
000003EF  0C00                 R +0 2336   2336 	ld	A,(_R_waterlevelcounter)
000003F1  670C                   +0 2337   2337 	cmp	A,0xc
000003F3  DA1A                   +0 2338   2338 	j	lt,L95
                                 +0 2339   2339 	line "",1023,56,0
000003F5  0A0000               R +0 2340   2340 	ld	(_R_waterlevelcounter),0x0
                                 +0 2341   2341 	line "",1024,49,0
000003F8  C300                 R +0 2342   2342 	set	(_FLAG1).3
000003FA  FC13                   +0 2343   2343 	j	L95
000003FC                         +0 2344   2344 L91:
                                 +0 2345   2345 	line "",1030,36,0
000003FC  5D0C                   +0 2346   2346 	test	(_P0PRD).5
000003FE  A4                     +0 2347   2347 	j	f,L96
000003FF                         +0 2348   2348 L50003:
                                 +0 2349   2349 	line "",1032,48,0
000003FF  0A0000               R +0 2350   2350 	ld	(_R_waterlevelcounter),0x0
00000402  FC0B                   +0 2351   2351 	j	L95
00000404                         +0 2352   2352 L96:
                                 +0 2353   2353 	line "",1036,52,0
00000404  0C00                 R +0 2354   2354 	ld	A,(_R_waterlevelcounter)
00000406  670C                   +0 2355   2355 	cmp	A,0xc
00000408  DA05                   +0 2356   2356 	j	lt,L95
                                 +0 2357   2357 	line "",1038,56,0
0000040A  0A0000               R +0 2358   2358 	ld	(_R_waterlevelcounter),0x0
                                 +0 2359   2359 	line "",1039,49,0
0000040D  CB00                 R +0 2360   2360 	clr	(_FLAG1).3
0000040F                         +0 2361   2361 L95:
                                 +0 2362   2362 	line "",1044,118,0
0000040F  0C00                 R +0 2363   2363 	ld	A,(_R_controltype)
00000411  D809                   +0 2364   2364 	j	eq,L99
00000413  6701                   +0 2365   2365 	cmp	A,0x1
00000415  85                     +0 2366   2366 	j	t,L99
00000416  6705                   +0 2367   2367 	cmp	A,0x5
00000418  82                     +0 2368   2368 	j	t,L99
00000419  6706                   +0 2369   2369 	cmp	A,0x6
0000041B  A1                     +0 2370   2370 	j	f,L100
0000041C                         +0 2371   2371 L99:
                                 +0 2372   2372 	line "",1045,41,0
0000041C  C300                 R +0 2373   2373 	set	(_FLAG1).3
0000041E                         +0 2374   2374 L100:
                                 +0 2375   2375 	line "",1047,1,0
0000041E  FA                     +0 2376   2376 	ret
                                 +0 2377   2377 	symbol_b "Water_Levepr",2,1047,1
                                 +0 2378   2378 	symbol_b "Anionpre",5,0,1
                                 +0 2379   2379 	symbol_t 254,xc,"Anionpre",1,0
                                 +0 2380   2380 	symbol_n "Anionpre",254,4,1
                                 +0 2381   2381 	symbol_a "Anionpre",8,0,0
                                 +0 2382   2382 	line "",1051,1,0
                                 +0 2383   2383 	public _Anionpre
0000041F                         +0 2384   2384 _Anionpre:
                                 +0 2385   2385 	symbol_a "Anionpre",6,0,0
                                 +0 2386   2386 	symbol_a "Anionpre",0,0,0
                                 +0 2387   2387 	symbol_b "Anionpre",6,0,1
                                 +0 2388   2388 	symbol_b "Anionpre",1,1051,1
                                 +0 2389   2389 	symbol_a "",51,0,0
                                 +0 2390   2390 	line "",1052,30,0
0000041F  E00048               R +0 2391   2391 	ld	WA,(_R_aniontimer)
00000422  E886                   +0 2392   2392 	or	WA,WA
00000424  A1                     +0 2393   2393 	j	f,L103
                                 +0 2394   2394 	line "",1053,33,0
00000425  CA00                 R +0 2395   2395 	clr	(_FLAG1).2
00000427                         +0 2396   2396 L103:
                                 +0 2397   2397 	line "",1054,1,0
00000427  FA                     +0 2398   2398 	ret
                                 +0 2399   2399 	symbol_b "Anionpre",2,1054,1
                                 +0 2400   2400 	symbol_b "Relay_Con",5,0,1
                                 +0 2401   2401 	symbol_t 255,xc,"Relay_Con",1,0
                                 +0 2402   2402 	symbol_n "Relay_Con",255,4,1
                                 +0 2403   2403 	symbol_a "Relay_Con",8,0,0
                                 +0 2404   2404 	line "",1058,1,0
                                 +0 2405   2405 	public _Relay_Con
00000428                         +0 2406   2406 _Relay_Con:
                                 +0 2407   2407 	symbol_t 10089,nv,83,0
                                 +0 2408   2408 	symbol_t 10090,O,10089,1
                                 +0 2409   2409 	symbol_t 10091,nv,71,0
                                 +0 2410   2410 	symbol_t 10092,O,10091,1
                                 +0 2411   2411 	symbol_t 10093,nv,71,0
                                 +0 2412   2412 	symbol_t 10094,O,10093,1
                                 +0 2413   2413 	symbol_t 10095,nv,73,0
                                 +0 2414   2414 	symbol_t 10096,O,10095,1
                                 +0 2415   2415 	symbol_t 10097,nv,73,0
                                 +0 2416   2416 	symbol_t 10098,O,10097,1
                                 +0 2417   2417 	symbol_t 10099,nv,73,0
                                 +0 2418   2418 	symbol_t 10100,O,10099,1
                                 +0 2419   2419 	symbol_t 10101,nv,73,0
                                 +0 2420   2420 	symbol_t 10102,O,10101,1
                                 +0 2421   2421 	symbol_t 10103,nv,77,0
                                 +0 2422   2422 	symbol_t 10104,O,10103,1
                                 +0 2423   2423 	symbol_t 10105,nv,77,0
                                 +0 2424   2424 	symbol_t 10106,O,10105,1
                                 +0 2425   2425 	symbol_t 10107,nv,79,0
                                 +0 2426   2426 	symbol_t 10108,O,10107,1
                                 +0 2427   2427 	symbol_t 10109,nv,79,0
                                 +0 2428   2428 	symbol_t 10110,O,10109,1
                                 +0 2429   2429 	symbol_a "Relay_Con",6,0,0
                                 +0 2430   2430 	symbol_a "Relay_Con",0,0,0
                                 +0 2431   2431 	symbol_b "Relay_Con",6,0,1
                                 +0 2432   2432 	symbol_b "Relay_Con",1,1058,1
                                 +0 2433   2433 	symbol_a "",51,0,0
                                 +0 2434   2434 	line "",1059,19,0
00000428  FD0000               R +0 2435   2435 	cal	_Anionpre
                                 +0 2436   2436 	line "",1060,23,0
0000042B  FD0000               R +0 2437   2437 	cal	_Water_Levepr
                                 +0 2438   2438 	line "",1062,25,0
0000042E  5C00                 R +0 2439   2439 	test	(_FLAG1).4
00000430  83                     +0 2440   2440 	j	t,L104
                                 +0 2441   2441 	line "",1063,30,0
00000431  C400                   +0 2442   2442 	set	(_P0DR).4
00000433  FC02                   +0 2443   2443 	j	L105
00000435                         +0 2444   2444 L104:
                                 +0 2445   2445 	line "",1065,30,0
00000435  CC00                   +0 2446   2446 	clr	(_P0DR).4
00000437                         +0 2447   2447 L105:
                                 +0 2448   2448 	line "",1083,70,0
00000437  0C00                 R +0 2449   2449 	ld	A,(_R_controltype)
00000439  D80A                   +0 2450   2450 	j	eq,L106
0000043B  6702                   +0 2451   2451 	cmp	A,0x2
0000043D  86                     +0 2452   2452 	j	t,L106
0000043E  6705                   +0 2453   2453 	cmp	A,0x5
00000440  83                     +0 2454   2454 	j	t,L106
00000441  6707                   +0 2455   2455 	cmp	A,0x7
00000443  DF21                   +0 2456   2456 	j	f,L107
00000445                         +0 2457   2457 L106:
                                 +0 2458   2458 	line "",1085,33,0
00000445  5C00                 R +0 2459   2459 	test	(_FLAG1).4
00000447  DF21                   +0 2460   2460 	j	f,L50004
00000449                         +0 2461   2461 L113:
                                 +0 2462   2462 	line "",1095,38,0
00000449  CB00                   +0 2463   2463 	clr	(_P0DR).3
0000044B                         +0 2464   2464 L112:
                                 +0 2465   2465 	line "",1098,43,0
0000044B  E00042               R +0 2466   2466 	ld	C,(_FLAG1)
0000044E  EA6408                 +0 2467   2467 	and	C,0x8
00000451  EAF5                   +0 2468   2468 	shrc	C
00000453  EAF5                   +0 2469   2469 	shrc	C
00000455  EAF5                   +0 2470   2470 	shrc	C
00000457  0C00                 R +0 2471   2471 	ld	A,(_FLAG1)
00000459  6402                   +0 2472   2472 	and	A,0x2
0000045B  E8F5                   +0 2473   2473 	shrc	A
0000045D  EA04                   +0 2474   2474 	and	A,C
0000045F  E806                   +0 2475   2475 	or	A,A
00000461  8B                     +0 2476   2476 	j	t,L115
                                 +0 2477   2477 	line "",1099,28,0
00000462  C100                   +0 2478   2478 	set	(_P0DR).1
00000464  FC0A                   +0 2479   2479 	j	L116
00000466                         +0 2480   2480 L107:
                                 +0 2481   2481 	line "",1092,33,0
00000466  5A00                 R +0 2482   2482 	test	(_FLAG1).2
00000468  DEDF                   +0 2483   2483 	j	t,L113
0000046A                         +0 2484   2484 L50004:
                                 +0 2485   2485 	line "",1093,38,0
0000046A  C300                   +0 2486   2486 	set	(_P0DR).3
0000046C  FCDD                   +0 2487   2487 	j	L112
0000046E                         +0 2488   2488 L115:
                                 +0 2489   2489 	line "",1101,28,0
0000046E  C900                   +0 2490   2490 	clr	(_P0DR).1
00000470                         +0 2491   2491 L116:
                                 +0 2492   2492 	line "",1103,38,0
00000470  E00042               R +0 2493   2493 	ld	C,(_FLAG1)
00000473  EA6408                 +0 2494   2494 	and	C,0x8
00000476  EAF5                   +0 2495   2495 	shrc	C
00000478  EAF5                   +0 2496   2496 	shrc	C
0000047A  EAF5                   +0 2497   2497 	shrc	C
0000047C  0C00                 R +0 2498   2498 	ld	A,(_FLAG1)
0000047E  6401                   +0 2499   2499 	and	A,0x1
00000480  EA04                   +0 2500   2500 	and	A,C
00000482  E806                   +0 2501   2501 	or	A,A
00000484  82                     +0 2502   2502 	j	t,L117
                                 +0 2503   2503 	line "",1104,29,0
00000485  C000                   +0 2504   2504 	set	(_P0DR).0
00000487  FA                     +0 2505   2505 	ret
00000488                         +0 2506   2506 L117:
                                 +0 2507   2507 	line "",1106,28,0
00000488  C800                   +0 2508   2508 	clr	(_P0DR).0
                                 +0 2509   2509 	line "",1108,1,0
0000048A  FA                     +0 2510   2510 	ret
                                 +0 2511   2511 	symbol_b "Relay_Con",2,1108,1
                                 +0 2512   2512 	symbol_b "Audio_Con",5,0,1
                                 +0 2513   2513 	symbol_t 256,xc,"Audio_Con",1,0
                                 +0 2514   2514 	symbol_n "Audio_Con",256,4,1
                                 +0 2515   2515 	symbol_a "Audio_Con",8,0,0
                                 +0 2516   2516 	line "",1113,1,0
                                 +0 2517   2517 	public _Audio_Con
0000048B                         +0 2518   2518 _Audio_Con:
                                 +0 2519   2519 	symbol_a "Audio_Con",6,0,0
                                 +0 2520   2520 	symbol_a "Audio_Con",0,0,0
                                 +0 2521   2521 	symbol_b "Audio_Con",6,0,1
                                 +0 2522   2522 	symbol_b "Audio_Con",1,1113,1
                                 +0 2523   2523 	symbol_a "",51,0,0
                                 +0 2524   2524 	line "",1114,20,0
0000048B  FD0000               R +0 2525   2525 	cal	_Radio_Con
                                 +0 2526   2526 	line "",1115,20,0
0000048E  FD0000               R +0 2527   2527 	cal	_Volum_Con
                                 +0 2528   2528 	line "",1116,19,0
00000491  FC00                   +0 2529   2529 	j	_I4502Con
                                 +0 2530   2530 	line "",1117,1,0
                                 +0 2531   2531 	symbol_b "Audio_Con",2,1117,1
                                 +0 2532   2532 	symbol_b "I4502Con",5,0,1
                                 +0 2533   2533 	symbol_t 257,xc,"I4502Con",1,0
                                 +0 2534   2534 	symbol_n "I4502Con",257,4,1
                                 +0 2535   2535 	symbol_a "I4502Con",8,0,0
                                 +0 2536   2536 	line "",1120,1,0
                                 +0 2537   2537 	public _I4502Con
00000493                         +0 2538   2538 _I4502Con:
                                 +0 2539   2539 	symbol_t 10111,nv,83,0
                                 +0 2540   2540 	symbol_t 10112,O,10111,1
                                 +0 2541   2541 	symbol_t 10113,nv,75,0
                                 +0 2542   2542 	symbol_t 10114,O,10113,1
                                 +0 2543   2543 	symbol_t 10115,nv,75,0
                                 +0 2544   2544 	symbol_t 10116,O,10115,1
                                 +0 2545   2545 	symbol_a "I4502Con",6,0,0
                                 +0 2546   2546 	symbol_a "I4502Con",0,0,0
                                 +0 2547   2547 	symbol_b "I4502Con",6,0,1
                                 +0 2548   2548 	symbol_b "I4502Con",1,1120,1
                                 +0 2549   2549 	symbol_a "",51,0,0
                                 +0 2550   2550 	line "",1121,47,0
00000493  0C00                 R +0 2551   2551 	ld	A,(_R_audiostate)
00000495  6701                   +0 2552   2552 	cmp	A,0x1
00000497  82                     +0 2553   2553 	j	t,L119
00000498  6703                   +0 2554   2554 	cmp	A,0x3
0000049A  A2                     +0 2555   2555 	j	f,L120
0000049B                         +0 2556   2556 L119:
                                 +0 2557   2557 	line "",1122,32,0
0000049B  C200                   +0 2558   2558 	set	(_P0DR).2
0000049D  FA                     +0 2559   2559 	ret
0000049E                         +0 2560   2560 L120:
                                 +0 2561   2561 	line "",1124,32,0
0000049E  CA00                   +0 2562   2562 	clr	(_P0DR).2
                                 +0 2563   2563 	line "",1125,1,0
000004A0  FA                     +0 2564   2564 	ret
                                 +0 2565   2565 	symbol_b "I4502Con",2,1125,1
                                 +0 2566   2566 	symbol_b "Radio_Con",5,0,1
                                 +0 2567   2567 	symbol_t 258,xc,"Radio_Con",1,0
                                 +0 2568   2568 	symbol_n "Radio_Con",258,4,1
                                 +0 2569   2569 	symbol_a "Radio_Con",8,0,0
                                 +0 2570   2570 	line "",1131,1,0
                                 +0 2571   2571 	public _Radio_Con
000004A1                         +0 2572   2572 _Radio_Con:
                                 +0 2573   2573 	symbol_a "Radio_Con",6,0,0
                                 +0 2574   2574 	symbol_a "Radio_Con",0,0,0
                                 +0 2575   2575 	symbol_b "Radio_Con",6,0,1
                                 +0 2576   2576 	symbol_b "Radio_Con",1,1131,1
                                 +0 2577   2577 	symbol_a "",51,0,0
                                 +0 2578   2578 	line "",1132,53,0
000004A1  0C00                 R +0 2579   2579 	ld	A,(_R_radiostate)
000004A3  D84A                   +0 2580   2580 	j	eq,L123
000004A5  0C00                 R +0 2581   2581 	ld	A,(_R_radiosrtimer)
000004A7  67C8                   +0 2582   2582 	cmp	A,0xc8
000004A9  DC44                   +0 2583   2583 	j	le,L123
                                 +0 2584   2584 	line "",1134,35,0
000004AB  0A0000               R +0 2585   2585 	ld	(_R_radiosrtimer),0x0
                                 +0 2586   2586 	line "",1135,34,0
000004AE  0A0032               R +0 2587   2587 	ld	(_R_volumtimer),0x32
                                 +0 2588   2588 	line "",1137,35,0
000004B1  0C00                 R +0 2589   2589 	ld	A,(_R_radiostate)
000004B3  6701                   +0 2590   2590 	cmp	A,0x1
000004B5  A9                     +0 2591   2591 	j	f,L124
                                 +0 2592   2592 	line "",1138,42,0
000004B6  E00048               R +0 2593   2593 	ld	WA,(_R_curfrequency)
000004B9  30                     +0 2594   2594 	inc	WA
000004BA  30                     +0 2595   2595 	inc	WA
000004BB  F00068               R +0 2596   2596 	ld	(_R_curfrequency),WA
000004BE  FC08                   +0 2597   2597 	j	L125
000004C0                         +0 2598   2598 L124:
                                 +0 2599   2599 	line "",1140,42,0
000004C0  E00048               R +0 2600   2600 	ld	WA,(_R_curfrequency)
000004C3  38                     +0 2601   2601 	dec	WA
000004C4  38                     +0 2602   2602 	dec	WA
000004C5  F00068               R +0 2603   2603 	ld	(_R_curfrequency),WA
000004C8                         +0 2604   2604 L125:
                                 +0 2605   2605 	line "",1142,39,0
000004C8  E00048               R +0 2606   2606 	ld	WA,(_R_curfrequency)
000004CB  E86CFEFF               +0 2607   2607 	and	WA,0xfffe
000004CF  F00068               R +0 2608   2608 	ld	(_R_curfrequency),WA
                                 +0 2609   2609 	line "",1143,40,0
000004D2  E86F4609               +0 2610   2610 	cmp	WA,0x946
000004D6  DC07                   +0 2611   2611 	j	le,L126
                                 +0 2612   2612 	line "",1145,47,0
000004D8  0800AC07             R +0 2613   2613 	ldw	(_R_curfrequency),0x7ac
                                 +0 2614   2614 	line "",1146,41,0
000004DC  0A0000               R +0 2615   2615 	ld	(_R_radiostate),0x0
000004DF                         +0 2616   2616 L126:
                                 +0 2617   2617 	line "",1148,40,0
000004DF  E00048               R +0 2618   2618 	ld	WA,(_R_curfrequency)
000004E2  E86FAC07               +0 2619   2619 	cmp	WA,0x7ac
000004E6  DB07                   +0 2620   2620 	j	ge,L123
                                 +0 2621   2621 	line "",1150,47,0
000004E8  08004609             R +0 2622   2622 	ldw	(_R_curfrequency),0x946
                                 +0 2623   2623 	line "",1151,41,0
000004EC  0A0000               R +0 2624   2624 	ld	(_R_radiostate),0x0
000004EF                         +0 2625   2625 L123:
                                 +0 2626   2626 	line "",1156,21,0
000004EF  FD0000               R +0 2627   2627 	cal	_Radiocurpr
                                 +0 2628   2628 	line "",1157,21,0
000004F2  FE0000               R +0 2629   2629 	j	_Mute_radio
                                 +0 2630   2630 	line "",1159,1,0
                                 +0 2631   2631 	symbol_b "Radio_Con",2,1159,1
                                 +0 2632   2632 	symbol_b "Write_Radio",5,0,1
                                 +0 2633   2633 	symbol_t 259,xc,"Write_Radio",1,0
                                 +0 2634   2634 	symbol_n "Write_Radio",259,4,1
                                 +0 2635   2635 	symbol_a "Write_Radio",8,0,0
                                 +0 2636   2636 	line "",1163,1,0
                                 +0 2637   2637 	public _Write_Radio
000004F5                         +0 2638   2638 _Write_Radio:
                                 +0 2639   2639 	symbol_n "i",3,1,1
                                 +0 2640   2640 	symbol_n "j",3,1,1
                                 +0 2641   2641 	symbol_n "tmp",3,1,1
                                 +0 2642   2642 	symbol_t 10117,nv,83,0
                                 +0 2643   2643 	symbol_t 10118,O,10117,1
                                 +0 2644   2644 	symbol_t 10119,nv,77,0
                                 +0 2645   2645 	symbol_t 10120,O,10119,1
                                 +0 2646   2646 	symbol_t 10121,nv,79,0
                                 +0 2647   2647 	symbol_t 10122,O,10121,1
                                 +0 2648   2648 	symbol_t 10123,nv,75,0
                                 +0 2649   2649 	symbol_t 10124,O,10123,1
                                 +0 2650   2650 	symbol_t 10125,nv,75,0
                                 +0 2651   2651 	symbol_t 10126,O,10125,1
                                 +0 2652   2652 	symbol_t 10127,nv,77,0
                                 +0 2653   2653 	symbol_t 10128,O,10127,1
                                 +0 2654   2654 	symbol_t 10129,nv,77,0
                                 +0 2655   2655 	symbol_t 10130,O,10129,1
                                 +0 2656   2656 	symbol_t 10131,nv,79,0
                                 +0 2657   2657 	symbol_t 10132,O,10131,1
                                 +0 2658   2658 	symbol_t 10133,nv,75,0
                                 +0 2659   2659 	symbol_t 10134,O,10133,1
                                 +0 2660   2660 	symbol_t 10135,nv,77,0
                                 +0 2661   2661 	symbol_t 10136,O,10135,1
                                 +0 2662   2662 	symbol_t 10137,nv,79,0
                                 +0 2663   2663 	symbol_t 10138,O,10137,1
                                 +0 2664   2664 	symbol_a "Write_Radio",6,192,0
                                 +0 2665   2665 	symbol_a "i",2,6,1
                                 +0 2666   2666 	symbol_a "i",7,1,1
                                 +0 2667   2667 	symbol_a "j",2,7,1
                                 +0 2668   2668 	symbol_a "j",7,2,1
                                 +0 2669   2669 	symbol_a "Write_Radio",0,0,0
                                 +0 2670   2670 	symbol_b "Write_Radio",6,0,1
                                 +0 2671   2671 	symbol_b "Write_Radio",1,1163,1
000004F5  53                     +0 2672   2672 	push	HL
                                 +0 2673   2673 	symbol_a "",51,0,0
                                 +0 2674   2674 	line "",1166,29,0
000004F6  0A0003               R +0 2675   2675 	ld	(_R_radiosafetimer),0x3
                                 +0 2676   2676 	line "",1168,25,0
000004F9  C901                   +0 2677   2677 	clr	(_P1DR).1
                                 +0 2678   2678 	line "",1169,24,0
000004FB  C803                   +0 2679   2679 	clr	(_P3DR).0
                                 +0 2680   2680 	line "",1171,16,0
                                 +0 2681   2681 	symbol_a "",9,1,6
000004FD  EF3D                   +0 2682   2682 	xor	H,H
000004FF                         +0 2683   2683 L129:
                                 +0 2684   2684 	line "",1175,24,0
                                 +0 2685   2685 	symbol_a "",9,2,7
000004FF  EE35                   +0 2686   2686 	xor	L,L
00000501                         +0 2687   2687 L131:
                                 +0 2688   2688 	line "",1177,62,0
00000501  EF44                   +0 2689   2689 	ld	E,H
00000503  1D00                   +0 2690   2690 	ld	D,0x0
00000505  EA690000             R +0 2691   2691 	add	DE,_R_radiowritebuff
00000509  16                     +0 2692   2692 	ld	A,L
0000050A  1900                   +0 2693   2693 	ld	W,0x0
0000050C  E242                   +0 2694   2694 	ld	C,(DE)
0000050E  6700                   +0 2695   2695 	cmp	A,0x0
00000510  D805                   +0 2696   2696 	j	z,L50005
00000512                         +0 2697   2697 L50006:
00000512  EAF5                   +0 2698   2698 	shrc	C
00000514  28                     +0 2699   2699 	dec	A
00000515  D9FB                   +0 2700   2700 	j	ne,L50006
00000517                         +0 2701   2701 L50005:
00000517  EA58                   +0 2702   2702 	test	C.0
00000519  A3                     +0 2703   2703 	j	f,L132
                                 +0 2704   2704 	line "",1179,49,0
0000051A  CA01                   +0 2705   2705 	clr	(_P1DR).2
0000051C  FC02                   +0 2706   2706 	j	L133
0000051E                         +0 2707   2707 L132:
                                 +0 2708   2708 	line "",1181,49,0
0000051E  C201                   +0 2709   2709 	set	(_P1DR).2
00000520                         +0 2710   2710 L133:
                                 +0 2711   2711 	line "",1183,51,0
00000520  E9FF                   +0 2712   2712 	SWAP	W	
                                 +0 2713   2713 	line "",1185,41,0
00000522  C101                   +0 2714   2714 	set	(_P1DR).1
                                 +0 2715   2715 	line "",1187,51,0
00000524  E9FF                   +0 2716   2716 	SWAP	W	
                                 +0 2717   2717 	line "",1189,41,0
00000526  C901                   +0 2718   2718 	clr	(_P1DR).1
                                 +0 2719   2719 	line "",1175,32,0
00000528  26                     +0 2720   2720 	inc	L
                                 +0 2721   2721 	line "",1175,28,0
00000529  EE6708                 +0 2722   2722 	cmp	L,0x8
0000052C  DAD3                   +0 2723   2723 	j	lt,L131
                                 +0 2724   2724 	line "",1193,43,0
                                 +0 2725   2725 	symbol_a "",9,0,7
0000052E  E9FF                   +0 2726   2726 	SWAP	W	
                                 +0 2727   2727 	line "",1195,32,0
00000530  C003                   +0 2728   2728 	set	(_P3DR).0
                                 +0 2729   2729 	line "",1171,24,0
00000532  27                     +0 2730   2730 	inc	H
                                 +0 2731   2731 	line "",1171,20,0
00000533  EF6704                 +0 2732   2732 	cmp	H,0x4
00000536  DAC7                   +0 2733   2733 	j	lt,L129
                                 +0 2734   2734 	line "",1198,25,0
                                 +0 2735   2735 	symbol_a "",9,0,6
00000538  CA01                   +0 2736   2736 	clr	(_P1DR).2
                                 +0 2737   2737 	line "",1199,25,0
0000053A  C901                   +0 2738   2738 	clr	(_P1DR).1
                                 +0 2739   2739 	line "",1200,24,0
0000053C  C803                   +0 2740   2740 	clr	(_P3DR).0
                                 +0 2741   2741 	symbol_a "",51,-1,0
                                 +0 2742   2742 	line "",1202,1,0
0000053E  D3                     +0 2743   2743 	pop	HL
0000053F  FA                     +0 2744   2744 	ret
                                 +0 2745   2745 	symbol_a "",51,0,0
                                 +0 2746   2746 	symbol_b "Write_Radio",2,1202,1
                                 +0 2747   2747 	symbol_b "Read_Radio",5,0,1
                                 +0 2748   2748 	symbol_t 260,xc,"Read_Radio",1,0
                                 +0 2749   2749 	symbol_n "Read_Radio",260,4,1
                                 +0 2750   2750 	symbol_a "Read_Radio",8,0,0
                                 +0 2751   2751 	line "",1206,1,0
                                 +0 2752   2752 	public _Read_Radio
00000540                         +0 2753   2753 _Read_Radio:
                                 +0 2754   2754 	symbol_n "i",3,1,1
                                 +0 2755   2755 	symbol_n "j",3,1,1
                                 +0 2756   2756 	symbol_n "dtemp",3,1,1
                                 +0 2757   2757 	symbol_t 10139,nv,83,0
                                 +0 2758   2758 	symbol_t 10140,O,10139,1
                                 +0 2759   2759 	symbol_t 10141,nv,77,0
                                 +0 2760   2760 	symbol_t 10142,O,10141,1
                                 +0 2761   2761 	symbol_t 10143,nv,79,0
                                 +0 2762   2762 	symbol_t 10144,O,10143,1
                                 +0 2763   2763 	symbol_t 10145,nv,75,0
                                 +0 2764   2764 	symbol_t 10146,O,10145,1
                                 +0 2765   2765 	symbol_t 10147,nv,75,0
                                 +0 2766   2766 	symbol_t 10148,O,10147,1
                                 +0 2767   2767 	symbol_t 10149,nv,77,0
                                 +0 2768   2768 	symbol_t 10150,O,10149,1
                                 +0 2769   2769 	symbol_t 10151,nv,77,0
                                 +0 2770   2770 	symbol_t 10152,O,10151,1
                                 +0 2771   2771 	symbol_t 10153,nv,75,0
                                 +0 2772   2772 	symbol_t 10154,O,10153,1
                                 +0 2773   2773 	symbol_t 10155,nv,79,0
                                 +0 2774   2774 	symbol_t 10156,O,10155,1
                                 +0 2775   2775 	symbol_t 10157,nv,79,0
                                 +0 2776   2776 	symbol_t 10158,O,10157,1
                                 +0 2777   2777 	symbol_t 10159,nv,77,0
                                 +0 2778   2778 	symbol_t 10160,O,10159,1
                                 +0 2779   2779 	symbol_t 10161,nv,79,0
                                 +0 2780   2780 	symbol_t 10162,O,10161,1
                                 +0 2781   2781 	symbol_t 10163,nv,77,0
                                 +0 2782   2782 	symbol_t 10164,O,10163,1
                                 +0 2783   2783 	symbol_t 10165,nv,77,0
                                 +0 2784   2784 	symbol_t 10166,O,10165,1
                                 +0 2785   2785 	symbol_t 10167,nv,79,0
                                 +0 2786   2786 	symbol_t 10168,O,10167,1
                                 +0 2787   2787 	symbol_t 10169,nv,75,0
                                 +0 2788   2788 	symbol_t 10170,O,10169,1
                                 +0 2789   2789 	symbol_t 10171,nv,79,0
                                 +0 2790   2790 	symbol_t 10172,O,10171,1
                                 +0 2791   2791 	symbol_a "Read_Radio",6,192,0
                                 +0 2792   2792 	symbol_a "j",2,6,1
                                 +0 2793   2793 	symbol_a "j",7,2,1
                                 +0 2794   2794 	symbol_a "dtemp",2,7,1
                                 +0 2795   2795 	symbol_a "dtemp",7,3,1
                                 +0 2796   2796 	symbol_a "Read_Radio",0,2,0
                                 +0 2797   2797 	symbol_a "i",1, 4,1
                                 +0 2798   2798 	symbol_b "Read_Radio",6,0,1
                                 +0 2799   2799 	symbol_b "Read_Radio",1,1206,1
00000540  52                     +0 2800   2800 	push	DE
00000541  53                     +0 2801   2801 	push	HL
                                 +0 2802   2802 	symbol_a "",51,0,0
                                 +0 2803   2803 	line "",1210,29,0
00000542  0A0003               R +0 2804   2804 	ld	(_R_radiosafetimer),0x3
                                 +0 2805   2805 	line "",1212,25,0
00000545  C901                   +0 2806   2806 	clr	(_P1DR).1
                                 +0 2807   2807 	line "",1213,24,0
00000547  C803                   +0 2808   2808 	clr	(_P3DR).0
                                 +0 2809   2809 	line "",1215,21,0
                                 +0 2810   2810 	symbol_a "",9,3,7
00000549  1E2A                   +0 2811   2811 	ld	L,0x2a
                                 +0 2812   2812 	line "",1216,16,0
0000054B  5604F900               +0 2813   2813 	ld	(SP+0x4),0x0
0000054F                         +0 2814   2814 L135:
                                 +0 2815   2815 	line "",1218,35,0
0000054F  EE58                   +0 2816   2816 	test	L.0
00000551  A3                     +0 2817   2817 	j	f,L136
                                 +0 2818   2818 	line "",1219,41,0
00000552  CA01                   +0 2819   2819 	clr	(_P1DR).2
00000554  FC02                   +0 2820   2820 	j	L137
00000556                         +0 2821   2821 L136:
                                 +0 2822   2822 	line "",1221,41,0
00000556  C201                   +0 2823   2823 	set	(_P1DR).2
00000558                         +0 2824   2824 L137:
                                 +0 2825   2825 	line "",1223,43,0
00000558  E9FF                   +0 2826   2826 	SWAP	W	
                                 +0 2827   2827 	line "",1225,33,0
0000055A  C101                   +0 2828   2828 	set	(_P1DR).1
                                 +0 2829   2829 	line "",1227,43,0
0000055C  E9FF                   +0 2830   2830 	SWAP	W	
                                 +0 2831   2831 	line "",1229,33,0
0000055E  C901                   +0 2832   2832 	clr	(_P1DR).1
                                 +0 2833   2833 	line "",1231,28,0
00000560  EEF5                   +0 2834   2834 	shrc	L
                                 +0 2835   2835 	line "",1216,24,0
00000562  D604F0                 +0 2836   2836 	inc	(SP+0x4)
                                 +0 2837   2837 	line "",1216,20,0
00000565  D6046708               +0 2838   2838 	cmp	(SP+0x4),0x8
00000569  DAE4                   +0 2839   2839 	j	lt,L135
                                 +0 2840   2840 	line "",1235,25,0
0000056B  CA01                   +0 2841   2841 	clr	(_P1DR).2
                                 +0 2842   2842 	line "",1239,16,0
0000056D  5604F900               +0 2843   2843 	ld	(SP+0x4),0x0
00000571                         +0 2844   2844 L139:
                                 +0 2845   2845 	line "",1241,32,0
00000571  C003                   +0 2846   2846 	set	(_P3DR).0
                                 +0 2847   2847 	line "",1243,24,0
                                 +0 2848   2848 	symbol_a "",9,2,6
00000573  EF3D                   +0 2849   2849 	xor	H,H
00000575                         +0 2850   2850 L141:
                                 +0 2851   2851 	line "",1245,42,0
00000575  C001                   +0 2852   2852 	set	(_P1DR).0
                                 +0 2853   2853 	line "",1246,51,0
00000577  E9FF                   +0 2854   2854 	SWAP	W	
                                 +0 2855   2855 	line "",1248,41,0
00000579  C101                   +0 2856   2856 	set	(_P1DR).1
                                 +0 2857   2857 	line "",1249,51,0
0000057B  E9FF                   +0 2858   2858 	SWAP	W	
                                 +0 2859   2859 	line "",1251,41,0
0000057D  5801                   +0 2860   2860 	test	(_P1DR).0
0000057F  85                     +0 2861   2861 	j	t,L142
                                 +0 2862   2862 	line "",1252,56,0
                                 +0 2863   2863 	symbol_a "",9,0,7
00000580  EEF4                   +0 2864   2864 	shlc	L
                                 +0 2865   2865 	symbol_a "",9,3,7
00000582  EEC0                   +0 2866   2866 	set	L.0
00000584  FC02                   +0 2867   2867 	j	L143
00000586                         +0 2868   2868 L142:
                                 +0 2869   2869 	line "",1254,43,0
00000586  EEF4                   +0 2870   2870 	shlc	L
00000588                         +0 2871   2871 L143:
                                 +0 2872   2872 	line "",1256,51,0
00000588  E9FF                   +0 2873   2873 	SWAP	W	
                                 +0 2874   2874 	line "",1258,41,0
0000058A  C901                   +0 2875   2875 	clr	(_P1DR).1
                                 +0 2876   2876 	line "",1243,32,0
0000058C  27                     +0 2877   2877 	inc	H
                                 +0 2878   2878 	line "",1243,28,0
0000058D  EF6708                 +0 2879   2879 	cmp	H,0x8
00000590  DAE3                   +0 2880   2880 	j	lt,L141
                                 +0 2881   2881 	line "",1261,43,0
                                 +0 2882   2882 	symbol_a "",9,0,6
00000592  D60444                 +0 2883   2883 	ld	E,(SP+0x4)
00000595  1D00                   +0 2884   2884 	ld	D,0x0
00000597  EA690000             R +0 2885   2885 	add	DE,_R_radioreadbuff
0000059B  F27E                   +0 2886   2886 	ld	(DE),L
                                 +0 2887   2887 	line "",1239,24,0
0000059D  D604F0                 +0 2888   2888 	inc	(SP+0x4)
                                 +0 2889   2889 	line "",1239,20,0
000005A0  D6046703               +0 2890   2890 	cmp	(SP+0x4),0x3
000005A4  DACB                   +0 2891   2891 	j	lt,L139
                                 +0 2892   2892 	line "",1265,25,0
                                 +0 2893   2893 	symbol_a "",9,0,7
000005A6  C901                   +0 2894   2894 	clr	(_P1DR).1
                                 +0 2895   2895 	line "",1266,24,0
000005A8  C803                   +0 2896   2896 	clr	(_P3DR).0
                                 +0 2897   2897 	line "",1267,25,0
000005AA  CA01                   +0 2898   2898 	clr	(_P1DR).2
                                 +0 2899   2899 	line "",1268,26,0
000005AC  C801                   +0 2900   2900 	clr	(_P1DR).0
                                 +0 2901   2901 	symbol_a "",51,-1,0
                                 +0 2902   2902 	line "",1269,1,0
000005AE  D3                     +0 2903   2903 	pop	HL
000005AF  D2                     +0 2904   2904 	pop	DE
000005B0  FA                     +0 2905   2905 	ret
                                 +0 2906   2906 	symbol_a "",51,0,0
                                 +0 2907   2907 	symbol_b "Read_Radio",2,1269,1
                                 +0 2908   2908 	symbol_b "Radiocurpr",5,0,1
                                 +0 2909   2909 	symbol_t 261,xc,"Radiocurpr",1,0
                                 +0 2910   2910 	symbol_n "Radiocurpr",261,4,1
                                 +0 2911   2911 	symbol_a "Radiocurpr",8,0,0
                                 +0 2912   2912 	line "",1273,1,0
                                 +0 2913   2913 	public _Radiocurpr
000005B1                         +0 2914   2914 _Radiocurpr:
                                 +0 2915   2915 	symbol_t 10173,nv,83,0
                                 +0 2916   2916 	symbol_t 10174,O,10173,1
                                 +0 2917   2917 	symbol_t 10175,nv,79,0
                                 +0 2918   2918 	symbol_t 10176,O,10175,1
                                 +0 2919   2919 	symbol_t 10177,nv,79,0
                                 +0 2920   2920 	symbol_t 10178,O,10177,1
                                 +0 2921   2921 	symbol_a "Radiocurpr",6,0,0
                                 +0 2922   2922 	symbol_a "Radiocurpr",0,0,0
                                 +0 2923   2923 	symbol_b "Radiocurpr",6,0,1
                                 +0 2924   2924 	symbol_b "Radiocurpr",1,1273,1
                                 +0 2925   2925 	symbol_a "",51,0,0
                                 +0 2926   2926 	line "",1274,29,0
000005B1  070001               R +0 2927   2927 	cmp	(_R_audiostate),0x1
000005B4  84                     +0 2928   2928 	j	t,L144
                                 +0 2929   2929 	line "",1275,37,0
000005B5  08000000             R +0 2930   2930 	ldw	(_R_curfrequencys),0x0
000005B9  FA                     +0 2931   2931 	ret
000005BA                         +0 2932   2932 L144:
                                 +0 2933   2933 	line "",1278,35,0
000005BA  070000               R +0 2934   2934 	cmp	(_R_radiostate),0x0
000005BD  DF45                   +0 2935   2935 	j	f,L146
                                 +0 2936   2936 	line "",1280,40,0
000005BF  0A0000               R +0 2937   2937 	ld	(_R_radiomute),0x0
                                 +0 2938   2938 	line "",1281,61,0
000005C2  E00048               R +0 2939   2939 	ld	WA,(_R_curfrequencys)
000005C5  E00049               R +0 2940   2940 	ld	BC,(_R_curfrequency)
000005C8  E88F                   +0 2941   2941 	cmp	BC,WA
000005CA  A2FE0000             R +0 2942   2942 	j	t,L145
                                 +0 2943   2943 	line "",1283,65,0
000005CE  F00069               R +0 2944   2944 	ld	(_R_curfrequencys),BC
                                 +0 2945   2945 	line "",1284,53,0
000005D1  0A0004               R +0 2946   2946 	ld	(_R_radiosafetimer),0x4
                                 +0 2947   2947 	line "",1285,59,0
000005D4  0A0028               R +0 2948   2948 	ld	(_R_radiowritebuff),0x28
                                 +0 2949   2949 	line "",1286,74,0
000005D7  0C00                 R +0 2950   2950 	ld	A,(_R_curfrequency)
000005D9  64FF                   +0 2951   2951 	and	A,0xff
000005DB  0E00                 R +0 2952   2952 	ld	(_R_radiowritebuff + 0x1),A
                                 +0 2953   2953 	line "",1287,72,0
000005DD  E00048               R +0 2954   2954 	ld	WA,(_R_curfrequency)
000005E0  1B08                   +0 2955   2955 	ld	B,0x8
000005E2                         +0 2956   2956 L50012:
000005E2  E9F5                   +0 2957   2957 	shrc	W
000005E4  E8F7                   +0 2958   2958 	rorc	A
000005E6  2B                     +0 2959   2959 	dec	B
000005E7  D9F9                   +0 2960   2960 	j	ne,L50012
000005E9                         +0 2961   2961 L50011:
000005E9  0E00                 R +0 2962   2962 	ld	(_R_radiowritebuff + 0x2),A
                                 +0 2963   2963 	line "",1288,59,0
000005EB  0A0032               R +0 2964   2964 	ld	(_R_radiowritebuff + 0x3),0x32
                                 +0 2965   2965 	line "",1289,46,0
000005EE  FD0000               R +0 2966   2966 	cal	_Write_Radio
                                 +0 2967   2967 	line "",1291,59,0
000005F1  0A0029               R +0 2968   2968 	ld	(_R_radiowritebuff),0x29
                                 +0 2969   2969 	line "",1292,59,0
000005F4  0A0060               R +0 2970   2970 	ld	(_R_radiowritebuff + 0x1),0x60
                                 +0 2971   2971 	line "",1293,59,0
000005F7  0A0002               R +0 2972   2972 	ld	(_R_radiowritebuff + 0x2),0x2
                                 +0 2973   2973 	line "",1294,59,0
000005FA  0A0002               R +0 2974   2974 	ld	(_R_radiowritebuff + 0x3),0x2
                                 +0 2975   2975 	line "",1295,46,0
000005FD  FD0000               R +0 2976   2976 	cal	_Write_Radio
                                 +0 2977   2977 	line "",1297,43,0
00000600  0A0000               R +0 2978   2978 	ld	(_R_srph),0x0
00000603  FA                     +0 2979   2979 	ret
00000604                         +0 2980   2980 L146:
                                 +0 2981   2981 	line "",1302,42,0
00000604  0A0032               R +0 2982   2982 	ld	(_R_volumtimer),0x32
                                 +0 2983   2983 	line "",1303,44,0
00000607  08000000             R +0 2984   2984 	ldw	(_R_curfrequencys),0x0
                                 +0 2985   2985 	line "",1304,39,0
0000060B  0C00                 R +0 2986   2986 	ld	A,(_R_srph)
0000060D  6701                   +0 2987   2987 	cmp	A,0x1
0000060F  DF2C                   +0 2988   2988 	j	f,L149
                                 +0 2989   2989 	line "",1306,50,0
00000611  070001               R +0 2990   2990 	cmp	(_R_srphtimer),0x1
00000614  DB03FE0000           R +0 2991   2991 	j	lt,L145
                                 +0 2992   2992 	line "",1308,67,0
00000619  0A0028               R +0 2993   2993 	ld	(_R_radiowritebuff),0x28
                                 +0 2994   2994 	line "",1309,82,0
0000061C  0C00                 R +0 2995   2995 	ld	A,(_R_curfrequency)
0000061E  64FF                   +0 2996   2996 	and	A,0xff
00000620  0E00                 R +0 2997   2997 	ld	(_R_radiowritebuff + 0x1),A
                                 +0 2998   2998 	line "",1310,80,0
00000622  E00048               R +0 2999   2999 	ld	WA,(_R_curfrequency)
00000625  1B08                   +0 3000   3000 	ld	B,0x8
00000627                         +0 3001   3001 L50010:
00000627  E9F5                   +0 3002   3002 	shrc	W
00000629  E8F7                   +0 3003   3003 	rorc	A
0000062B  2B                     +0 3004   3004 	dec	B
0000062C  D9F9                   +0 3005   3005 	j	ne,L50010
0000062E                         +0 3006   3006 L50009:
0000062E  0E00                 R +0 3007   3007 	ld	(_R_radiowritebuff + 0x2),A
                                 +0 3008   3008 	line "",1311,67,0
00000630  0A0036               R +0 3009   3009 	ld	(_R_radiowritebuff + 0x3),0x36
                                 +0 3010   3010 	line "",1312,54,0
00000633  FD0000               R +0 3011   3011 	cal	_Write_Radio
                                 +0 3012   3012 	line "",1313,51,0
00000636  0A0002               R +0 3013   3013 	ld	(_R_srph),0x2
                                 +0 3014   3014 	line "",1314,56,0
00000639  0A0000               R +0 3015   3015 	ld	(_R_srphtimer),0x0
0000063C  FA                     +0 3016   3016 	ret
0000063D                         +0 3017   3017 L149:
                                 +0 3018   3018 	line "",1317,47,0
0000063D  6702                   +0 3019   3019 	cmp	A,0x2
0000063F  DF29                   +0 3020   3020 	j	f,L152
                                 +0 3021   3021 	line "",1319,52,0
00000641  070002               R +0 3022   3022 	cmp	(_R_srphtimer),0x2
00000644  DA21                   +0 3023   3023 	j	lt,L153
                                 +0 3024   3024 	line "",1321,58,0
00000646  5801                   +0 3025   3025 	test	(_P1DR).0
00000648  DF17                   +0 3026   3026 	j	f,L154
                                 +0 3027   3027 	line "",1323,61,0
0000064A  FD0000               R +0 3028   3028 	cal	_Read_Radio
                                 +0 3029   3029 	line "",1331,49,0
0000064D  0C00                 R +0 3030   3030 	ld	A,(_R_radioreadbuff)
0000064F  640F                   +0 3031   3031 	and	A,0xf
00000651  6705                   +0 3032   3032 	cmp	A,0x5
00000653  AC                     +0 3033   3033 	j	f,L154
00000654  070039               R +0 3034   3034 	cmp	(_R_radioreadbuff + 0x1),0x39
00000657  A8                     +0 3035   3035 	j	f,L154
                                 +0 3036   3036 	line "",1333,73,0
00000658  0A0000               R +0 3037   3037 	ld	(_R_radiostate),0x0
                                 +0 3038   3038 	line "",1334,76,0
0000065B  08000000             R +0 3039   3039 	ldw	(_R_curfrequencys),0x0
0000065F  FC06                   +0 3040   3040 	j	L153
00000661                         +0 3041   3041 L154:
                                 +0 3042   3042 	line "",1344,69,0
00000661  0A00D2               R +0 3043   3043 	ld	(_R_radiosrtimer),0xd2
                                 +0 3044   3044 	line "",1345,59,0
00000664  0A0000               R +0 3045   3045 	ld	(_R_srph),0x0
00000667                         +0 3046   3046 L153:
                                 +0 3047   3047 	line "",1349,50,0
00000667  C801                   +0 3048   3048 	clr	(_P1DR).0
00000669  FA                     +0 3049   3049 	ret
0000066A                         +0 3050   3050 L152:
                                 +0 3051   3051 	line "",1354,48,0
0000066A  0A0000               R +0 3052   3052 	ld	(_R_srphtimer),0x0
                                 +0 3053   3053 	line "",1355,43,0
0000066D  0A0001               R +0 3054   3054 	ld	(_R_srph),0x1
                                 +0 3055   3055 	line "",1356,65,0
00000670  E00048               R +0 3056   3056 	ld	WA,(_R_curfrequency)
00000673  F00068               R +0 3057   3057 	ld	(_R_curfrequencys),WA
                                 +0 3058   3058 	line "",1357,59,0
00000676  0A0028               R +0 3059   3059 	ld	(_R_radiowritebuff),0x28
                                 +0 3060   3060 	line "",1358,74,0
00000679  0C00                 R +0 3061   3061 	ld	A,(_R_curfrequency)
0000067B  64FF                   +0 3062   3062 	and	A,0xff
0000067D  0E00                 R +0 3063   3063 	ld	(_R_radiowritebuff + 0x1),A
                                 +0 3064   3064 	line "",1359,72,0
0000067F  E00048               R +0 3065   3065 	ld	WA,(_R_curfrequency)
00000682  1B08                   +0 3066   3066 	ld	B,0x8
00000684                         +0 3067   3067 L50008:
00000684  E9F5                   +0 3068   3068 	shrc	W
00000686  E8F7                   +0 3069   3069 	rorc	A
00000688  2B                     +0 3070   3070 	dec	B
00000689  D9F9                   +0 3071   3071 	j	ne,L50008
0000068B                         +0 3072   3072 L50007:
0000068B  0E00                 R +0 3073   3073 	ld	(_R_radiowritebuff + 0x2),A
                                 +0 3074   3074 	line "",1360,59,0
0000068D  0A0032               R +0 3075   3075 	ld	(_R_radiowritebuff + 0x3),0x32
                                 +0 3076   3076 	line "",1361,46,0
00000690  FD0000               R +0 3077   3077 	cal	_Write_Radio
                                 +0 3078   3078 	line "",1363,59,0
00000693  0A0029               R +0 3079   3079 	ld	(_R_radiowritebuff),0x29
                                 +0 3080   3080 	line "",1364,59,0
00000696  0A0040               R +0 3081   3081 	ld	(_R_radiowritebuff + 0x1),0x40
                                 +0 3082   3082 	line "",1365,59,0
00000699  0A0004               R +0 3083   3083 	ld	(_R_radiowritebuff + 0x2),0x4
                                 +0 3084   3084 	line "",1366,59,0
0000069C  0A0012               R +0 3085   3085 	ld	(_R_radiowritebuff + 0x3),0x12
                                 +0 3086   3086 	line "",1367,48,0
0000069F  0A0001               R +0 3087   3087 	ld	(_R_radiomute),0x1
                                 +0 3088   3088 	line "",1368,46,0
000006A2  FD0000               R +0 3089   3089 	cal	_Write_Radio
000006A5                         +0 3090   3090 L145:
                                 +0 3091   3091 	line "",1372,1,0
000006A5  FA                     +0 3092   3092 	ret
                                 +0 3093   3093 	symbol_b "Radiocurpr",2,1372,1
                                 +0 3094   3094 	symbol_b "Detect_radio",5,0,1
                                 +0 3095   3095 	symbol_t 262,xc,"Detect_radio",1,0
                                 +0 3096   3096 	symbol_n "Detect_radio",262,4,1
                                 +0 3097   3097 	symbol_a "Detect_radio",8,0,0
                                 +0 3098   3098 	line "",1375,1,0
                                 +0 3099   3099 	public _Detect_radio
000006A6                         +0 3100   3100 _Detect_radio:
                                 +0 3101   3101 	symbol_t 10179,nv,83,0
                                 +0 3102   3102 	symbol_t 10180,O,10179,1
                                 +0 3103   3103 	symbol_t 10181,nv,79,0
                                 +0 3104   3104 	symbol_t 10182,O,10181,1
                                 +0 3105   3105 	symbol_t 10183,nv,79,0
                                 +0 3106   3106 	symbol_t 10184,O,10183,1
                                 +0 3107   3107 	symbol_a "Detect_radio",6,0,0
                                 +0 3108   3108 	symbol_a "Detect_radio",0,0,0
                                 +0 3109   3109 	symbol_b "Detect_radio",6,0,1
                                 +0 3110   3110 	symbol_b "Detect_radio",1,1375,1
                                 +0 3111   3111 	symbol_a "",51,0,0
                                 +0 3112   3112 	line "",1376,27,0
000006A6  070001               R +0 3113   3113 	cmp	(_R_audiostate),0x1
000006A9  83                     +0 3114   3114 	j	t,L160
                                 +0 3115   3115 	line "",1378,37,0
000006AA  0A0003               R +0 3116   3116 	ld	(_R_radiosafetimer),0x3
000006AD  FA                     +0 3117   3117 	ret
000006AE                         +0 3118   3118 L160:
                                 +0 3119   3119 	line "",1381,31,0
000006AE  070000               R +0 3120   3120 	cmp	(_R_radiosafetimer),0x0
000006B1  DF1A                   +0 3121   3121 	j	f,L161
                                 +0 3122   3122 	line "",1383,37,0
000006B3  0A0003               R +0 3123   3123 	ld	(_R_radiosafetimer),0x3
                                 +0 3124   3124 	line "",1384,34,0
000006B6  5801                   +0 3125   3125 	test	(_P1DR).0
000006B8  AD                     +0 3126   3126 	j	f,L163
                                 +0 3127   3127 	line "",1386,37,0
000006B9  FD0000               R +0 3128   3128 	cal	_Read_Radio
                                 +0 3129   3129 	line "",1393,25,0
000006BC  0C00                 R +0 3130   3130 	ld	A,(_R_radioreadbuff)
000006BE  640F                   +0 3131   3131 	and	A,0xf
000006C0  6705                   +0 3132   3132 	cmp	A,0x5
000006C2  A3                     +0 3133   3133 	j	f,L163
000006C3  070039               R +0 3134   3134 	cmp	(_R_radioreadbuff + 0x1),0x39
000006C6  83                     +0 3135   3135 	j	t,L167
000006C7                         +0 3136   3136 L163:
                                 +0 3137   3137 	line "",1403,44,0
000006C7  08000000             R +0 3138   3138 	ldw	(_R_curfrequencys),0x0
000006CB                         +0 3139   3139 L167:
                                 +0 3140   3140 	line "",1406,34,0
000006CB  C801                   +0 3141   3141 	clr	(_P1DR).0
000006CD                         +0 3142   3142 L161:
                                 +0 3143   3143 	line "",1408,1,0
000006CD  FA                     +0 3144   3144 	ret
                                 +0 3145   3145 	symbol_b "Detect_radio",2,1408,1
                                 +0 3146   3146 	symbol_b "Mute_radio",5,0,1
                                 +0 3147   3147 	symbol_t 263,xc,"Mute_radio",1,0
                                 +0 3148   3148 	symbol_n "Mute_radio",263,4,1
                                 +0 3149   3149 	symbol_a "Mute_radio",8,0,0
                                 +0 3150   3150 	line "",1411,1,0
                                 +0 3151   3151 	public _Mute_radio
000006CE                         +0 3152   3152 _Mute_radio:
                                 +0 3153   3153 	symbol_a "Mute_radio",6,0,0
                                 +0 3154   3154 	symbol_a "Mute_radio",0,0,0
                                 +0 3155   3155 	symbol_b "Mute_radio",6,0,1
                                 +0 3156   3156 	symbol_b "Mute_radio",1,1411,1
                                 +0 3157   3157 	symbol_a "",51,0,0
                                 +0 3158   3158 	line "",1412,27,0
000006CE  070001               R +0 3159   3159 	cmp	(_R_audiostate),0x1
000006D1  DE1A                   +0 3160   3160 	j	t,L168
                                 +0 3161   3161 	line "",1414,34,0
000006D3  0C00                 R +0 3162   3162 	ld	A,(_R_radiomute)
000006D5  D91E                   +0 3163   3163 	j	ne,L170
                                 +0 3164   3164 	line "",1416,44,0
000006D7  08000000             R +0 3165   3165 	ldw	(_R_curfrequencys),0x0
                                 +0 3166   3166 	line "",1417,40,0
000006DB  0A0001               R +0 3167   3167 	ld	(_R_radiomute),0x1
                                 +0 3168   3168 	line "",1418,51,0
000006DE  0A0029               R +0 3169   3169 	ld	(_R_radiowritebuff),0x29
                                 +0 3170   3170 	line "",1419,51,0
000006E1  0A0040               R +0 3171   3171 	ld	(_R_radiowritebuff + 0x1),0x40
                                 +0 3172   3172 	line "",1420,51,0
000006E4  0A0004               R +0 3173   3173 	ld	(_R_radiowritebuff + 0x2),0x4
                                 +0 3174   3174 	line "",1421,51,0
000006E7  0A0012               R +0 3175   3175 	ld	(_R_radiowritebuff + 0x3),0x12
                                 +0 3176   3176 	line "",1422,38,0
000006EA  FE0000               R +0 3177   3177 	j	_Write_Radio
000006ED                         +0 3178   3178 L168:
                                 +0 3179   3179 	line "",1427,34,0
000006ED  070000               R +0 3180   3180 	cmp	(_R_radiomute),0x0
000006F0  83                     +0 3181   3181 	j	t,L170
                                 +0 3182   3182 	line "",1428,44,0
000006F1  08000000             R +0 3183   3183 	ldw	(_R_curfrequencys),0x0
000006F5                         +0 3184   3184 L170:
                                 +0 3185   3185 	line "",1430,1,0
000006F5  FA                     +0 3186   3186 	ret
                                 +0 3187   3187 	symbol_b "Mute_radio",2,1430,1
                                 +0 3188   3188 	symbol_b "Volumwrite",5,0,1
                                 +0 3189   3189 	symbol_t 264,xc,"Volumwrite",1,1,"volum",3,0
                                 +0 3190   3190 	symbol_n "Volumwrite",264,4,1
                                 +0 3191   3191 	symbol_a "Volumwrite",8,0,0
                                 +0 3192   3192 	line "",1435,1,0
                                 +0 3193   3193 	public _Volumwrite
000006F6                         +0 3194   3194 _Volumwrite:
                                 +0 3195   3195 	symbol_n "volumbuff",7,1,1
                                 +0 3196   3196 	symbol_n "i",3,1,1
                                 +0 3197   3197 	symbol_n "j",3,1,1
                                 +0 3198   3198 	symbol_t 10185,nv,83,0
                                 +0 3199   3199 	symbol_t 10186,O,10185,1
                                 +0 3200   3200 	symbol_t 10187,nv,65,0
                                 +0 3201   3201 	symbol_t 10188,O,10187,1
                                 +0 3202   3202 	symbol_t 10189,nv,67,0
                                 +0 3203   3203 	symbol_t 10190,O,10189,1
                                 +0 3204   3204 	symbol_t 10191,nv,65,0
                                 +0 3205   3205 	symbol_t 10192,O,10191,1
                                 +0 3206   3206 	symbol_t 10193,nv,65,0
                                 +0 3207   3207 	symbol_t 10194,O,10193,1
                                 +0 3208   3208 	symbol_t 10195,nv,67,0
                                 +0 3209   3209 	symbol_t 10196,O,10195,1
                                 +0 3210   3210 	symbol_t 10197,nv,65,0
                                 +0 3211   3211 	symbol_t 10198,O,10197,1
                                 +0 3212   3212 	symbol_t 10199,nv,67,0
                                 +0 3213   3213 	symbol_t 10200,O,10199,1
                                 +0 3214   3214 	symbol_t 10201,nv,65,0
                                 +0 3215   3215 	symbol_t 10202,O,10201,1
                                 +0 3216   3216 	symbol_a "Volumwrite",6,192,0
                                 +0 3217   3217 	symbol_a "i",2,7,1
                                 +0 3218   3218 	symbol_a "i",7,2,1
                                 +0 3219   3219 	symbol_a "j",2,3,1
                                 +0 3220   3220 	symbol_a "j",7,3,1
                                 +0 3221   3221 	symbol_a "Volumwrite",0,2,0
                                 +0 3222   3222 	symbol_a "volumbuff",1, 3,1
                                 +0 3223   3223 	symbol_a "volum",1, 7,0
                                 +0 3224   3224 	symbol_b "Volumwrite",6,0,1
                                 +0 3225   3225 	symbol_b "Volumwrite",1,1435,1
000006F6  52                     +0 3226   3226 	push	DE
000006F7  53                     +0 3227   3227 	push	HL
                                 +0 3228   3228 	symbol_a "",51,0,0
                                 +0 3229   3229 	line "",1439,25,0
                                 +0 3230   3230 	symbol_a "",9,2,7
000006F8  1E57                   +0 3231   3231 	ld	L,0x57
000006FA  D60733                 +0 3232   3232 	sub	L,(SP+0x7)
                                 +0 3233   3233 	symbol_a "",9,3,3
000006FD  EE42                   +0 3234   3234 	ld	C,L
                                 +0 3235   3235 	line "",1440,35,0
000006FF  16                     +0 3236   3236 	ld	A,L
00000700  1B07                   +0 3237   3237 	ld	B,0x7
00000702                         +0 3238   3238 L50016:
00000702  E8F4                   +0 3239   3239 	shlc	A
00000704  2B                     +0 3240   3240 	dec	B
00000705  D9FB                   +0 3241   3241 	j	ne,L50016
00000707                         +0 3242   3242 L50015:
                                 +0 3243   3243 	symbol_a "",9,0,7
00000707  EEC0                   +0 3244   3244 	set	L.0
                                 +0 3245   3245 	symbol_a "",9,2,7
00000709  EE647D                 +0 3246   3246 	and	L,0x7d
0000070C  E836                   +0 3247   3247 	or	L,A
                                 +0 3248   3248 	line "",1441,31,0
0000070E  12                     +0 3249   3249 	ld	A,C
0000070F  E8F5                   +0 3250   3250 	shrc	A
00000711  42                     +0 3251   3251 	ld	C,A
00000712  EA6401                 +0 3252   3252 	and	C,0x1
00000715  EA6606                 +0 3253   3253 	or	C,0x6
                                 +0 3254   3254 	line "",1443,29,0
00000718  12                     +0 3255   3255 	ld	A,C
00000719  1900                   +0 3256   3256 	ld	W,0x0
0000071B  1B08                   +0 3257   3257 	ld	B,0x8
0000071D                         +0 3258   3258 L50014:
0000071D  E8F0                   +0 3259   3259 	shlca	WA
0000071F  2B                     +0 3260   3260 	dec	B
00000720  D9FB                   +0 3261   3261 	j	ne,L50014
00000722                         +0 3262   3262 L50013:
                                 +0 3263   3263 	symbol_a "",9,0,3
00000722  EE42                   +0 3264   3264 	ld	C,L
00000724  1B00                   +0 3265   3265 	ld	B,0x0
00000726  E88E                   +0 3266   3266 	or	BC,WA
00000728  560369                 +0 3267   3267 	ld	(SP+0x3),BC
                                 +0 3268   3268 	line "",1445,16,0
0000072B  EE35                   +0 3269   3269 	xor	L,L
0000072D                         +0 3270   3270 L173:
                                 +0 3271   3271 	line "",1447,34,0
0000072D  CF00                   +0 3272   3272 	clr	(_P0DR).7
                                 +0 3273   3273 	line "",1449,43,0
0000072F  E9FF                   +0 3274   3274 	SWAP	W	
                                 +0 3275   3275 	line "",1451,33,0
00000731  CE00                   +0 3276   3276 	clr	(_P0DR).6
                                 +0 3277   3277 	line "",1453,43,0
00000733  E9FF                   +0 3278   3278 	SWAP	W	
                                 +0 3279   3279 	line "",1455,39,0
00000735  D60340                 +0 3280   3280 	ld	A,(SP+0x3)
00000738  E858                   +0 3281   3281 	test	A.0
0000073A  A3                     +0 3282   3282 	j	f,L174
                                 +0 3283   3283 	line "",1456,42,0
0000073B  CF00                   +0 3284   3284 	clr	(_P0DR).7
0000073D  FC02                   +0 3285   3285 	j	L175
0000073F                         +0 3286   3286 L174:
                                 +0 3287   3287 	line "",1458,42,0
0000073F  C700                   +0 3288   3288 	set	(_P0DR).7
00000741                         +0 3289   3289 L175:
                                 +0 3290   3290 	line "",1460,43,0
00000741  E9FF                   +0 3291   3291 	SWAP	W	
                                 +0 3292   3292 	line "",1462,33,0
00000743  C600                   +0 3293   3293 	set	(_P0DR).6
                                 +0 3294   3294 	line "",1463,32,0
00000745  D60348                 +0 3295   3295 	ld	WA,(SP+0x3)
00000748  E9F5                   +0 3296   3296 	shrc	W
0000074A  E8F7                   +0 3297   3297 	rorc	A
0000074C  560368                 +0 3298   3298 	ld	(SP+0x3),WA
                                 +0 3299   3299 	line "",1445,25,0
0000074F  26                     +0 3300   3300 	inc	L
                                 +0 3301   3301 	line "",1445,21,0
00000750  EE670B                 +0 3302   3302 	cmp	L,0xb
00000753  DAD8                   +0 3303   3303 	j	lt,L173
                                 +0 3304   3304 	line "",1465,26,0
                                 +0 3305   3305 	symbol_a "",9,0,7
00000755  C700                   +0 3306   3306 	set	(_P0DR).7
                                 +0 3307   3307 	line "",1467,35,0
00000757  E9FF                   +0 3308   3308 	SWAP	W	
                                 +0 3309   3309 	line "",1468,25,0
00000759  CE00                   +0 3310   3310 	clr	(_P0DR).6
                                 +0 3311   3311 	line "",1470,35,0
0000075B  E9FF                   +0 3312   3312 	SWAP	W	
                                 +0 3313   3313 	line "",1471,26,0
0000075D  CF00                   +0 3314   3314 	clr	(_P0DR).7
                                 +0 3315   3315 	symbol_a "",51,-1,0
                                 +0 3316   3316 	line "",1473,1,0
0000075F  D3                     +0 3317   3317 	pop	HL
00000760  D2                     +0 3318   3318 	pop	DE
00000761  FA                     +0 3319   3319 	ret
                                 +0 3320   3320 	symbol_a "",51,0,0
                                 +0 3321   3321 	symbol_b "Volumwrite",2,1473,1
                                 +0 3322   3322 	symbol_b "Volum_Con",5,0,1
                                 +0 3323   3323 	symbol_t 265,xc,"Volum_Con",1,0
                                 +0 3324   3324 	symbol_n "Volum_Con",265,4,1
                                 +0 3325   3325 	symbol_a "Volum_Con",8,0,0
                                 +0 3326   3326 	line "",1477,1,0
                                 +0 3327   3327 	public _Volum_Con
00000762                         +0 3328   3328 _Volum_Con:
                                 +0 3329   3329 	symbol_a "Volum_Con",6,0,0
                                 +0 3330   3330 	symbol_a "Volum_Con",0,0,0
                                 +0 3331   3331 	symbol_b "Volum_Con",6,0,1
                                 +0 3332   3332 	symbol_b "Volum_Con",1,1477,1
                                 +0 3333   3333 	symbol_a "",51,0,0
                                 +0 3334   3334 	line "",1478,27,0
00000762  070000               R +0 3335   3335 	cmp	(_R_volumtimer),0x0
00000765  AC                     +0 3336   3336 	j	f,L176
                                 +0 3337   3337 	line "",1480,40,0
00000766  0C00                 R +0 3338   3338 	ld	A,(_R_volum)
00000768  E00007               R +0 3339   3339 	cmp	A,(_R_volum0)
0000076B  DE14                   +0 3340   3340 	j	t,L178
                                 +0 3341   3341 	line "",1482,43,0
0000076D  0E00                 R +0 3342   3342 	ld	(_R_volum0),A
                                 +0 3343   3343 	line "",1483,45,0
0000076F  F678                   +0 3344   3344 	ld	(SP-),A
                                 +0 3345   3345 	symbol_a "",51,1,0
00000771  FC0A                   +0 3346   3346 	j	L50017
                                 +0 3347   3347 	symbol_a "",51,0,0
00000773                         +0 3348   3348 L176:
                                 +0 3349   3349 	line "",1488,35,0
00000773  070050               R +0 3350   3350 	cmp	(_R_volum0),0x50
00000776  89                     +0 3351   3351 	j	t,L178
                                 +0 3352   3352 	line "",1490,38,0
00000777  0A0050               R +0 3353   3353 	ld	(_R_volum0),0x50
                                 +0 3354   3354 	line "",1491,45,0
0000077A  F6F950                 +0 3355   3355 	ld	(SP-),0x50
                                 +0 3356   3356 	symbol_a "",51,1,0
0000077D                         +0 3357   3357 L50017:
0000077D  FD0000               R +0 3358   3358 	cal	_Volumwrite
00000780  36                     +0 3359   3359 	inc	SP
                                 +0 3360   3360 	symbol_a "",51,0,0
00000781                         +0 3361   3361 L178:
                                 +0 3362   3362 	line "",1494,1,0
00000781  FA                     +0 3363   3363 	ret
                                 +0 3364   3364 	symbol_b "Volum_Con",2,1494,1
                                 +0 3365   3365 	symbol_b "Flashfrepr",5,0,1
                                 +0 3366   3366 	symbol_t 266,xc,"Flashfrepr",1,0
                                 +0 3367   3367 	symbol_n "Flashfrepr",266,4,1
                                 +0 3368   3368 	symbol_a "Flashfrepr",8,0,0
                                 +0 3369   3369 	line "",1498,1,0
                                 +0 3370   3370 	public _Flashfrepr
00000782                         +0 3371   3371 _Flashfrepr:
                                 +0 3372   3372 	symbol_a "Flashfrepr",6,0,0
                                 +0 3373   3373 	symbol_a "Flashfrepr",0,0,0
                                 +0 3374   3374 	symbol_b "Flashfrepr",6,0,1
                                 +0 3375   3375 	symbol_b "Flashfrepr",1,1498,1
                                 +0 3376   3376 	symbol_a "",51,0,0
                                 +0 3377   3377 	line "",1499,70,0
00000782  5900                 R +0 3378   3378 	test	(_FLAG2).1
00000784  AD                     +0 3379   3379 	j	f,L180
00000785  0C00                 R +0 3380   3380 	ld	A,(_FLAG2)
00000787  E859                   +0 3381   3381 	test	A.1
00000789  DF1A                   +0 3382   3382 	j	f,L181
0000078B  0C00                 R +0 3383   3383 	ld	A,(_R_displayph)
0000078D  6401                   +0 3384   3384 	and	A,0x1
0000078F  6701                   +0 3385   3385 	cmp	A,0x1
00000791  DF12                   +0 3386   3386 	j	f,L181
00000793                         +0 3387   3387 L180:
                                 +0 3388   3388 	line "",1501,41,0
00000793  0C00                 R +0 3389   3389 	ld	A,(_R_memflashtimer)
00000795  6764                   +0 3390   3390 	cmp	A,0x64
00000797  DA0C                   +0 3391   3391 	j	lt,L181
                                 +0 3392   3392 	line "",1503,46,0
00000799  67AA                   +0 3393   3393 	cmp	A,0xaa
0000079B  DC04                   +0 3394   3394 	j	le,L184
                                 +0 3395   3395 	line "",1504,44,0
0000079D  0A0000               R +0 3396   3396 	ld	(_R_memflashtimer),0x0
000007A0  FA                     +0 3397   3397 	ret
000007A1                         +0 3398   3398 L184:
                                 +0 3399   3399 	line "",1506,41,0
000007A1  0A00FF               R +0 3400   3400 	ld	(_R_clrbuff),0xff
000007A4  FA                     +0 3401   3401 	ret
000007A5                         +0 3402   3402 L181:
                                 +0 3403   3403 	line "",1509,37,0
000007A5  0A0000               R +0 3404   3404 	ld	(_R_clrbuff),0x0
                                 +0 3405   3405 	line "",1510,1,0
000007A8  FA                     +0 3406   3406 	ret
                                 +0 3407   3407 	symbol_b "Flashfrepr",2,1510,1
                                 +0 3408   3408 	symbol_b "Displayfre",5,0,1
                                 +0 3409   3409 	symbol_t 267,xc,"Displayfre",1,0
                                 +0 3410   3410 	symbol_n "Displayfre",267,4,1
                                 +0 3411   3411 	symbol_a "Displayfre",8,0,0
                                 +0 3412   3412 	line "",1517,1,0
                                 +0 3413   3413 	public _Displayfre
000007A9                         +0 3414   3414 _Displayfre:
                                 +0 3415   3415 	symbol_n "tempw",7,1,1
                                 +0 3416   3416 	symbol_n "tempb",3,1,1
                                 +0 3417   3417 	symbol_a "Displayfre",6,192,0
                                 +0 3418   3418 	symbol_a "tempw",2,11,1
                                 +0 3419   3419 	symbol_a "tempw",7,1,1
                                 +0 3420   3420 	symbol_a "tempb",2,7,1
                                 +0 3421   3421 	symbol_a "tempb",7,2,1
                                 +0 3422   3422 	symbol_a "Displayfre",0,8,0
                                 +0 3423   3423 	symbol_b "Displayfre",6,0,1
                                 +0 3424   3424 	symbol_b "Displayfre",1,1517,1
000007A9  3F08                   +0 3425   3425 	ld	SP,SP-0x8
000007AB  53                     +0 3426   3426 	push	HL
                                 +0 3427   3427 	symbol_a "",51,0,0
                                 +0 3428   3428 	line "",1521,30,0
000007AC  070000               R +0 3429   3429 	cmp	(_R_audiostate),0x0
000007AF  AA                     +0 3430   3430 	j	f,L187
                                 +0 3431   3431 	line "",1523,35,0
000007B0  0A00FF               R +0 3432   3432 	ld	(_R_ledstate0),0xff
                                 +0 3433   3433 	line "",1524,35,0
000007B3  0A00FF               R +0 3434   3434 	ld	(_R_ledstate1),0xff
                                 +0 3435   3435 	line "",1525,35,0
000007B6  0A00FF               R +0 3436   3436 	ld	(_R_ledstate2),0xff
                                 +0 3437   3437 	line "",1526,35,0
000007B9  FC53                   +0 3438   3438 	j	L50018
000007BB                         +0 3439   3439 L187:
                                 +0 3440   3440 	line "",1530,37,0
000007BB  0C00                 R +0 3441   3441 	ld	A,(_R_displayph)
000007BD  6701                   +0 3442   3442 	cmp	A,0x1
000007BF  DF53                   +0 3443   3443 	j	f,L189
                                 +0 3444   3444 	line "",1532,37,0
000007C1  FD0000               R +0 3445   3445 	cal	_Flashfrepr
                                 +0 3446   3446 	line "",1535,47,0
000007C4  0C00                 R +0 3447   3447 	ld	A,(_R_volum)
000007C6  1900                   +0 3448   3448 	ld	W,0x0
000007C8  4B5000                 +0 3449   3449 	ld	HL,0x50
000007CB  E89B                   +0 3450   3450 	sub	HL,WA
000007CD  490400                 +0 3451   3451 	ld	BC,0x4
000007D0  EB48                   +0 3452   3452 	ld	WA,HL
000007D2  FD0000               R +0 3453   3453 	cal	C87C_divis
                                 +0 3454   3454 	symbol_a "",9,2,7
000007D5  46                     +0 3455   3455 	ld	L,A
                                 +0 3456   3456 	line "",1536,67,0
000007D6  1900                   +0 3457   3457 	ld	W,0x0
000007D8  490A00                 +0 3458   3458 	ld	BC,0xa
000007DB  FD0000               R +0 3459   3459 	cal	C87C_divis
000007DE  E8F0                   +0 3460   3460 	shlca	WA
000007E0  4C0000               R +0 3461   3461 	ld	IX,_NUMTAB
000007E3  EC4A                   +0 3462   3462 	ld	DE,IX
000007E5  E891                   +0 3463   3463 	add	DE,WA
000007E7  E240                   +0 3464   3464 	ld	A,(DE)
000007E9  E00006               R +0 3465   3465 	or	A,(_R_clrbuff)
000007EC  0E00                 R +0 3466   3466 	ld	(_R_ledstate1),A
                                 +0 3467   3467 	line "",1537,50,0
000007EE  16                     +0 3468   3468 	ld	A,L
000007EF  1900                   +0 3469   3469 	ld	W,0x0
000007F1  1A0A                   +0 3470   3470 	ld	C,0xa
000007F3  E8F3                   +0 3471   3471 	div	WA,C
000007F5  190A                   +0 3472   3472 	ld	W,0xa
000007F7  E8F2                   +0 3473   3473 	mul	W,A
000007F9  E833                   +0 3474   3474 	sub	L,A
                                 +0 3475   3475 	line "",1538,64,0
000007FB  16                     +0 3476   3476 	ld	A,L
000007FC  1900                   +0 3477   3477 	ld	W,0x0
000007FE  E8F0                   +0 3478   3478 	shlca	WA
00000800  E84A                   +0 3479   3479 	ld	DE,WA
00000802  EC91                   +0 3480   3480 	add	DE,IX
00000804  E240                   +0 3481   3481 	ld	A,(DE)
00000806  E00006               R +0 3482   3482 	or	A,(_R_clrbuff)
00000809  0E00                 R +0 3483   3483 	ld	(_R_ledstate2),A
                                 +0 3484   3484 	line "",1540,43,0
0000080B  0A00FF               R +0 3485   3485 	ld	(_R_ledstate0),0xff
                                 +0 3486   3486 	symbol_a "",9,0,7
0000080E                         +0 3487   3487 L50018:
                                 +0 3488   3488 	line "",1541,43,0
0000080E  0A00FF               R +0 3489   3489 	ld	(_R_ledstate3),0xff
00000811  FE0000               R +0 3490   3490 	j	L50020
00000814                         +0 3491   3491 L189:
                                 +0 3492   3492 	line "",1543,42,0
00000814  6702                   +0 3493   3493 	cmp	A,0x2
00000816  DF15                   +0 3494   3494 	j	f,L191
                                 +0 3495   3495 	line "",1545,59,0
00000818  0C00                 R +0 3496   3496 	ld	A,(_R_memstation)
0000081A  1900                   +0 3497   3497 	ld	W,0x0
0000081C  E849                   +0 3498   3498 	ld	BC,WA
0000081E  E9F0                   +0 3499   3499 	shlca	BC
00000820  480000               R +0 3500   3500 	ld	WA,_NUMTAB
00000823  E94A                   +0 3501   3501 	ld	DE,BC
00000825  E891                   +0 3502   3502 	add	DE,WA
00000827  E248                   +0 3503   3503 	ld	WA,(DE)
00000829  0E00                 R +0 3504   3504 	ld	(_R_ledstate3),A
                                 +0 3505   3505 	line "",1546,43,0
0000082B  FC21                   +0 3506   3506 	j	L50019
0000082D                         +0 3507   3507 L191:
                                 +0 3508   3508 	line "",1552,37,0
0000082D  FD0000               R +0 3509   3509 	cal	_Flashfrepr
                                 +0 3510   3510 	line "",1556,68,0
00000830  480000               R +0 3511   3511 	ld	WA,_NUMTAB
00000833  560368                 +0 3512   3512 	ld	(SP+0x3),WA
                                 +0 3513   3513 	line "",1554,64,0
00000836  5900                 R +0 3514   3514 	test	(_FLAG2).1
00000838  DE20                   +0 3515   3515 	j	t,L194
0000083A  0700FF               R +0 3516   3516 	cmp	(_R_clrbuff),0xff
0000083D  DF1B                   +0 3517   3517 	j	f,L194
                                 +0 3518   3518 	line "",1556,68,0
0000083F  0C00                 R +0 3519   3519 	ld	A,(_R_memstation1)
00000841  1900                   +0 3520   3520 	ld	W,0x0
00000843  E8F0                   +0 3521   3521 	shlca	WA
00000845  E84A                   +0 3522   3522 	ld	DE,WA
00000847  D60391                 +0 3523   3523 	add	DE,(SP+0x3)
0000084A  E248                   +0 3524   3524 	ld	WA,(DE)
0000084C  0E00                 R +0 3525   3525 	ld	(_R_ledstate3),A
0000084E                         +0 3526   3526 L50019:
                                 +0 3527   3527 	line "",1557,51,0
0000084E  0A00FF               R +0 3528   3528 	ld	(_R_ledstate0),0xff
                                 +0 3529   3529 	line "",1558,51,0
00000851  0A00FF               R +0 3530   3530 	ld	(_R_ledstate1),0xff
                                 +0 3531   3531 	line "",1559,51,0
00000854  0A00FF               R +0 3532   3532 	ld	(_R_ledstate2),0xff
00000857  FE0000               R +0 3533   3533 	j	L50020
0000085A                         +0 3534   3534 L194:
                                 +0 3535   3535 	line "",1563,63,0
0000085A  490500                 +0 3536   3536 	ld	BC,0x5
0000085D  E00048               R +0 3537   3537 	ld	WA,(_R_curfrequency)
00000860  FD0000               R +0 3538   3538 	cal	C87C_muli
                                 +0 3539   3539 	symbol_a "",9,1,11
00000863  E84B                   +0 3540   3540 	ld	HL,WA
00000865  EB6B2E04               +0 3541   3541 	sub	HL,0x42e
                                 +0 3542   3542 	line "",1564,51,0
00000869  EB6F1027               +0 3543   3543 	cmp	HL,0x2710
0000086D  DA12                   +0 3544   3544 	j	lt,L196
                                 +0 3545   3545 	line "",1566,56,0
0000086F  EB6B1027               +0 3546   3546 	sub	HL,0x2710
                                 +0 3547   3547 	line "",1567,63,0
00000873  0700FF               R +0 3548   3548 	cmp	(_R_clrbuff),0xff
00000876  89                     +0 3549   3549 	j	t,L196
00000877  D6034C                 +0 3550   3550 	ld	IX,(SP+0x3)
                                 +0 3551   3551 	line "",1570,72,0
0000087A  D40248                 +0 3552   3552 	ld	WA,(IX+0x2)
0000087D  0E00                 R +0 3553   3553 	ld	(_R_ledstate0),A
0000087F  FC03                   +0 3554   3554 	j	L199
00000881                         +0 3555   3555 L196:
                                 +0 3556   3556 	line "",1574,58,0
00000881  0A00FF               R +0 3557   3557 	ld	(_R_ledstate0),0xff
00000884                         +0 3558   3558 L199:
                                 +0 3559   3559 	line "",1578,86,0
00000884  49E803                 +0 3560   3560 	ld	BC,0x3e8
00000887  EB48                   +0 3561   3561 	ld	WA,HL
00000889  FD0000               R +0 3562   3562 	cal	C87C_diviu
0000088C  560968                 +0 3563   3563 	ld	(SP+0x9),WA
0000088F  D60940                 +0 3564   3564 	ld	A,(SP+0x9)
00000892  1900                   +0 3565   3565 	ld	W,0x0
00000894  E849                   +0 3566   3566 	ld	BC,WA
00000896  E9F0                   +0 3567   3567 	shlca	BC
00000898  480000               R +0 3568   3568 	ld	WA,_NUMTAB
0000089B  560568                 +0 3569   3569 	ld	(SP+0x5),WA
0000089E  E94A                   +0 3570   3570 	ld	DE,BC
000008A0  D60591                 +0 3571   3571 	add	DE,(SP+0x5)
000008A3  E240                   +0 3572   3572 	ld	A,(DE)
000008A5  E00006               R +0 3573   3573 	or	A,(_R_clrbuff)
000008A8  0E00                 R +0 3574   3574 	ld	(_R_ledstate1),A
                                 +0 3575   3575 	line "",1580,64,0
000008AA  49E803                 +0 3576   3576 	ld	BC,0x3e8
000008AD  D60948                 +0 3577   3577 	ld	WA,(SP+0x9)
000008B0  FD0000               R +0 3578   3578 	cal	C87C_muli
000008B3  E89B                   +0 3579   3579 	sub	HL,WA
                                 +0 3580   3580 	line "",1581,95,0
000008B5  496400                 +0 3581   3581 	ld	BC,0x64
000008B8  EB48                   +0 3582   3582 	ld	WA,HL
000008BA  FD0000               R +0 3583   3583 	cal	C87C_diviu
000008BD  560768                 +0 3584   3584 	ld	(SP+0x7),WA
000008C0  D60740                 +0 3585   3585 	ld	A,(SP+0x7)
000008C3  1900                   +0 3586   3586 	ld	W,0x0
000008C5  E8F0                   +0 3587   3587 	shlca	WA
000008C7  E84A                   +0 3588   3588 	ld	DE,WA
000008C9  D60591                 +0 3589   3589 	add	DE,(SP+0x5)
000008CC  E240                   +0 3590   3590 	ld	A,(DE)
000008CE  E00006               R +0 3591   3591 	or	A,(_R_clrbuff)
000008D1  647F                   +0 3592   3592 	and	A,0x7f
000008D3  0E00                 R +0 3593   3593 	ld	(_R_ledstate2),A
                                 +0 3594   3594 	line "",1583,62,0
000008D5  496400                 +0 3595   3595 	ld	BC,0x64
000008D8  D60748                 +0 3596   3596 	ld	WA,(SP+0x7)
000008DB  FD0000               R +0 3597   3597 	cal	C87C_muli
000008DE  E89B                   +0 3598   3598 	sub	HL,WA
                                 +0 3599   3599 	line "",1584,86,0
000008E0  490A00                 +0 3600   3600 	ld	BC,0xa
000008E3  EB48                   +0 3601   3601 	ld	WA,HL
000008E5  FD0000               R +0 3602   3602 	cal	C87C_diviu
000008E8  1900                   +0 3603   3603 	ld	W,0x0
000008EA  E8F0                   +0 3604   3604 	shlca	WA
000008EC  E84A                   +0 3605   3605 	ld	DE,WA
000008EE  D60591                 +0 3606   3606 	add	DE,(SP+0x5)
000008F1  E240                   +0 3607   3607 	ld	A,(DE)
000008F3  E00006               R +0 3608   3608 	or	A,(_R_clrbuff)
000008F6  0E00                 R +0 3609   3609 	ld	(_R_ledstate3),A
000008F8                         +0 3610   3610 L50020:
                                 +0 3611   3611 	symbol_a "",51,-1,0
                                 +0 3612   3612 	line "",1589,1,0
                                 +0 3613   3613 	symbol_a "",9,0,11
000008F8  D3                     +0 3614   3614 	pop	HL
000008F9  3708                   +0 3615   3615 	ld	SP,SP+0x8
000008FB  FA                     +0 3616   3616 	ret
                                 +0 3617   3617 	symbol_a "",51,0,0
                                 +0 3618   3618 	symbol_b "Displayfre",2,1589,1
                                 +0 3619   3619 	symbol_b "Key_convert",5,0,1
                                 +0 3620   3620 	symbol_t 268,xc,"Key_convert",3,1,"t_keycode",3,0
                                 +0 3621   3621 	symbol_n "Key_convert",268,4,1
                                 +0 3622   3622 	symbol_a "Key_convert",8,0,0
                                 +0 3623   3623 	line "",1593,1,0
                                 +0 3624   3624 	public _Key_convert
000008FC                         +0 3625   3625 _Key_convert:
                                 +0 3626   3626 	symbol_a "Key_convert",6,192,0
                                 +0 3627   3627 	symbol_a "t_keycode",2,1,0
                                 +0 3628   3628 	symbol_a "t_keycode",7,1,0
                                 +0 3629   3629 	symbol_a "Key_convert",0,0,0
                                 +0 3630   3630 n_const section romdata medium align=1,1
0000005A                         +0 3631   3631 S50000:
0000005A  0000                   +0 3632   3632 	dw	L202-L50022
0000005C  0500                   +0 3633   3633 	dw	L204-L50022
0000005E  0A00                   +0 3634   3634 	dw	L205-L50022
00000060  0F00                   +0 3635   3635 	dw	L206-L50022
00000062  2400                   +0 3636   3636 	dw	L210-L50022
00000064  1400                   +0 3637   3637 	dw	L207-L50022
00000066  1900                   +0 3638   3638 	dw	L208-L50022
00000068  2400                   +0 3639   3639 	dw	L210-L50022
                                 +0 3640   3640 	symbol_b "Key_convert",6,0,1
                                 +0 3641   3641 n_code section code medium align=1,1
                                 +0 3642   3642 	symbol_b "Key_convert",1,1593,1
000008FC  53                     +0 3643   3643 	push	HL
                                 +0 3644   3644 	symbol_a "",51,0,0
                                 +0 3645   3645 	symbol_a "",9,1,1
000008FD  D60540                 +0 3646   3646 	ld	A,(SP+0x5)
                                 +0 3647   3647 	line "",1594,26,0
00000900  6709                   +0 3648   3648 	cmp	A,0x9
00000902  DB4C                   +0 3649   3649 	j	ge,L200
00000904  E00046               R +0 3650   3650 	ld	L,(_R_controltype)
00000907  1F00                   +0 3651   3651 	ld	H,0x0
                                 +0 3652   3652 	line "",1599,74,0
00000909  44                     +0 3653   3653 	ld	E,A
0000090A  1D00                   +0 3654   3654 	ld	D,0x0
0000090C  EA49                   +0 3655   3655 	ld	BC,DE
                                 +0 3656   3656 	line "",1596,37,0
0000090E  EB6F0700               +0 3657   3657 	cmp	HL,0x7
00000912  DD34                   +0 3658   3658 	j	gt,L210
00000914  EBF0                   +0 3659   3659 	shlca	HL
00000916  4C0000               R +0 3660   3660 	ld	IX,S50000
00000919  EBA1                   +0 3661   3661 	add	IX,HL
0000091B  E44B                   +0 3662   3662 	ld	HL,(IX)
0000091D  4C0000               R +0 3663   3663 	ld	IX,L50022
00000920  EBA1                   +0 3664   3664 	add	IX,HL
00000922  ECFE                   +0 3665   3665 	j	IX
00000924                         +0 3666   3666 L50022:
                                 +0 3667   3667 	symbol_a "",9,0,1
00000924                         +0 3668   3668 L202:
                                 +0 3669   3669 	line "",1599,74,0
00000924  480000               R +0 3670   3670 	ld	WA,_TBL_PR1500_keycode
00000927  FC17                   +0 3671   3671 	j	L50021
00000929                         +0 3672   3672 L204:
                                 +0 3673   3673 	line "",1602,74,0
00000929  480000               R +0 3674   3674 	ld	WA,_TBL_PR1501_keycode
0000092C  FC12                   +0 3675   3675 	j	L50021
0000092E                         +0 3676   3676 L205:
                                 +0 3677   3677 	line "",1605,74,0
0000092E  480000               R +0 3678   3678 	ld	WA,_TBL_PR1502_keycode
00000931  FC0D                   +0 3679   3679 	j	L50021
00000933                         +0 3680   3680 L206:
                                 +0 3681   3681 	line "",1608,74,0
00000933  480000               R +0 3682   3682 	ld	WA,_TBL_PR1503_keycode
00000936  FC08                   +0 3683   3683 	j	L50021
00000938                         +0 3684   3684 L207:
                                 +0 3685   3685 	line "",1611,74,0
00000938  480000               R +0 3686   3686 	ld	WA,_TBL_PR1510_keycode
0000093B  FC03                   +0 3687   3687 	j	L50021
0000093D                         +0 3688   3688 L208:
                                 +0 3689   3689 	line "",1614,75,0
0000093D  480000               R +0 3690   3690 	ld	WA,_TBL_PR1510A_keycode
00000940                         +0 3691   3691 L50021:
00000940  E94A                   +0 3692   3692 	ld	DE,BC
00000942  E891                   +0 3693   3693 	add	DE,WA
                                 +0 3694   3694 	symbol_a "",9,1,1
00000944  E240                   +0 3695   3695 	ld	A,(DE)
                                 +0 3696   3696 	line "",1615,38,0
00000946  FC0A                   +0 3697   3697 	j	L211
                                 +0 3698   3698 	symbol_a "",9,0,1
00000948                         +0 3699   3699 L210:
                                 +0 3700   3700 	line "",1618,74,0
00000948  EA690000             R +0 3701   3701 	add	DE,_TBL_PR1511_keycode
                                 +0 3702   3702 	symbol_a "",9,1,1
0000094C  E240                   +0 3703   3703 	ld	A,(DE)
                                 +0 3704   3704 	line "",1619,38,0
0000094E  FC02                   +0 3705   3705 	j	L211
                                 +0 3706   3706 	symbol_a "",9,0,1
00000950                         +0 3707   3707 L200:
                                 +0 3708   3708 	line "",1623,33,0
                                 +0 3709   3709 	symbol_a "",9,1,1
00000950  18FF                   +0 3710   3710 	ld	A,0xff
00000952                         +0 3711   3711 L211:
                                 +0 3712   3712 	symbol_a "",51,-1,0
                                 +0 3713   3713 	line "",1625,25,0
00000952  D3                     +0 3714   3714 	pop	HL
00000953  FA                     +0 3715   3715 	ret
                                 +0 3716   3716 	symbol_a "",51,0,0
                                 +0 3717   3717 	line "",1626,1,0
                                 +0 3718   3718 	symbol_b "Key_convert",2,1626,1
                                 +0 3719   3719 	symbol_b "Keypr",5,0,1
                                 +0 3720   3720 	symbol_t 269,xc,"Keypr",1,0
                                 +0 3721   3721 	symbol_n "Keypr",269,4,1
                                 +0 3722   3722 	symbol_a "Keypr",8,0,0
                                 +0 3723   3723 	line "",1630,1,0
                                 +0 3724   3724 	public _Keypr
00000954                         +0 3725   3725 _Keypr:
                                 +0 3726   3726 	symbol_a "Keypr",6,0,0
                                 +0 3727   3727 	symbol_a "Keypr",0,0,0
                                 +0 3728   3728 n_const section romdata medium align=1,1
0000006A                         +0 3729   3729 S50001:
0000006A  0A00                   +0 3730   3730 	dw	L217-L50023
0000006C  2300                   +0 3731   3731 	dw	L222-L50023
0000006E  2800                   +0 3732   3732 	dw	L223-L50023
00000070  1400                   +0 3733   3733 	dw	L219-L50023
00000072  0000                   +0 3734   3734 	dw	L214-L50023
00000074  1E00                   +0 3735   3735 	dw	L221-L50023
00000076  0F00                   +0 3736   3736 	dw	L218-L50023
00000078  1900                   +0 3737   3737 	dw	L220-L50023
0000007A  0500                   +0 3738   3738 	dw	L216-L50023
0000007C  3700                   +0 3739   3739 	dw	L226-L50023
0000007E  3C00                   +0 3740   3740 	dw	L227-L50023
00000080  2D00                   +0 3741   3741 	dw	L224-L50023
00000082  3200                   +0 3742   3742 	dw	L225-L50023
                                 +0 3743   3743 	symbol_b "Keypr",6,0,1
                                 +0 3744   3744 n_code section code medium align=1,1
                                 +0 3745   3745 	symbol_b "Keypr",1,1630,1
                                 +0 3746   3746 	symbol_a "",51,0,0
                                 +0 3747   3747 	line "",1631,29,0
00000954  070000               R +0 3748   3748 	cmp	(_R_resettimer),0x0
00000957  DF5C                   +0 3749   3749 	j	f,L212
00000959  0C00                 R +0 3750   3750 	ld	A,(_R_keycodenew)
0000095B  1900                   +0 3751   3751 	ld	W,0x0
                                 +0 3752   3752 	line "",1633,36,0
0000095D  E86F0C00               +0 3753   3753 	cmp	WA,0xc
00000961  DD4F                   +0 3754   3754 	j	gt,L215
00000963  E8F0                   +0 3755   3755 	shlca	WA
00000965  4C0000               R +0 3756   3756 	ld	IX,S50001
00000968  E8A1                   +0 3757   3757 	add	IX,WA
0000096A  E448                   +0 3758   3758 	ld	WA,(IX)
0000096C  4C0000               R +0 3759   3759 	ld	IX,L50023
0000096F  E8A1                   +0 3760   3760 	add	IX,WA
00000971  ECFE                   +0 3761   3761 	j	IX
00000973                         +0 3762   3762 L50023:
00000973                         +0 3763   3763 L214:
                                 +0 3764   3764 	line "",1636,47,0
00000973  FD0000               R +0 3765   3765 	cal	_Key_Light_pr
                                 +0 3766   3766 	line "",1637,38,0
00000976  FC3A                   +0 3767   3767 	j	L215
00000978                         +0 3768   3768 L216:
                                 +0 3769   3769 	line "",1639,52,0
00000978  FD0000               R +0 3770   3770 	cal	_Key_Water_Pump_pr
                                 +0 3771   3771 	line "",1640,38,0
0000097B  FC35                   +0 3772   3772 	j	L215
0000097D                         +0 3773   3773 L217:
                                 +0 3774   3774 	line "",1642,50,0
0000097D  FD0000               R +0 3775   3775 	cal	_Key_Air_Pump_pr
                                 +0 3776   3776 	line "",1643,38,0
00000980  FC30                   +0 3777   3777 	j	L215
00000982                         +0 3778   3778 L218:
                                 +0 3779   3779 	line "",1645,45,0
00000982  FD0000               R +0 3780   3780 	cal	_Key_Mem_pr
                                 +0 3781   3781 	line "",1646,38,0
00000985  FC2B                   +0 3782   3782 	j	L215
00000987                         +0 3783   3783 L219:
                                 +0 3784   3784 	line "",1648,49,0
00000987  FD0000               R +0 3785   3785 	cal	_Key_VolumDN_pr
                                 +0 3786   3786 	line "",1649,38,0
0000098A  FC26                   +0 3787   3787 	j	L215
0000098C                         +0 3788   3788 L220:
                                 +0 3789   3789 	line "",1651,49,0
0000098C  FD0000               R +0 3790   3790 	cal	_Key_VolumUP_pr
                                 +0 3791   3791 	line "",1652,38,0
0000098F  FC21                   +0 3792   3792 	j	L215
00000991                         +0 3793   3793 L221:
                                 +0 3794   3794 	line "",1654,44,0
00000991  FD0000               R +0 3795   3795 	cal	_Key_Fm_pr
                                 +0 3796   3796 	line "",1655,38,0
00000994  FC1C                   +0 3797   3797 	j	L215
00000996                         +0 3798   3798 L222:
                                 +0 3799   3799 	line "",1657,44,0
00000996  FD0000               R +0 3800   3800 	cal	_Key_Dn_pr
                                 +0 3801   3801 	line "",1658,38,0
00000999  FC17                   +0 3802   3802 	j	L215
0000099B                         +0 3803   3803 L223:
                                 +0 3804   3804 	line "",1660,44,0
0000099B  FD0000               R +0 3805   3805 	cal	_Key_Up_pr
                                 +0 3806   3806 	line "",1661,38,0
0000099E  FC12                   +0 3807   3807 	j	L215
000009A0                         +0 3808   3808 L224:
                                 +0 3809   3809 	line "",1663,45,0
000009A0  FD0000               R +0 3810   3810 	cal	_Key_Dn_pr2
                                 +0 3811   3811 	line "",1664,38,0
000009A3  FC0D                   +0 3812   3812 	j	L215
000009A5                         +0 3813   3813 L225:
                                 +0 3814   3814 	line "",1666,45,0
000009A5  FD0000               R +0 3815   3815 	cal	_Key_Up_pr2
                                 +0 3816   3816 	line "",1667,38,0
000009A8  FC08                   +0 3817   3817 	j	L215
000009AA                         +0 3818   3818 L226:
                                 +0 3819   3819 	line "",1669,47,0
000009AA  FD0000               R +0 3820   3820 	cal	_Key_Anion_pr
                                 +0 3821   3821 	line "",1670,38,0
000009AD  FC03                   +0 3822   3822 	j	L215
000009AF                         +0 3823   3823 L227:
                                 +0 3824   3824 	line "",1672,48,0
000009AF  FD0000               R +0 3825   3825 	cal	_Key_Volkey_pr
000009B2                         +0 3826   3826 L215:
                                 +0 3827   3827 	line "",1677,36,0
000009B2  0A007E               R +0 3828   3828 	ld	(_R_keycodenew),0x7e
000009B5                         +0 3829   3829 L212:
                                 +0 3830   3830 	line "",1680,1,0
000009B5  FA                     +0 3831   3831 	ret
                                 +0 3832   3832 	symbol_b "Keypr",2,1680,1
                                 +0 3833   3833 	symbol_b "Key_Water_Pump_pr",5,0,1
                                 +0 3834   3834 	symbol_t 270,xc,"Key_Water_Pump_pr",1,0
                                 +0 3835   3835 	symbol_n "Key_Water_Pump_pr",270,4,1
                                 +0 3836   3836 	symbol_a "Key_Water_Pump_pr",8,0,0
                                 +0 3837   3837 	line "",1683,1,0
                                 +0 3838   3838 	public _Key_Water_Pump_pr
000009B6                         +0 3839   3839 _Key_Water_Pump_pr:
                                 +0 3840   3840 	symbol_a "Key_Water_Pump_pr",6,0,0
                                 +0 3841   3841 	symbol_a "Key_Water_Pump_pr",0,0,0
                                 +0 3842   3842 	symbol_b "Key_Water_Pump_pr",6,0,1
                                 +0 3843   3843 	symbol_b "Key_Water_Pump_pr",1,1683,1
                                 +0 3844   3844 	symbol_a "",51,0,0
                                 +0 3845   3845 	line "",1684,23,0
000009B6  0A0005               R +0 3846   3846 	ld	(_R_buztimer),0x5
                                 +0 3847   3847 	line "",1685,33,0
000009B9  4A0000               R +0 3848   3848 	ld	DE,_FLAG1
000009BC  EA15                   +0 3849   3849 	xor	C,C
000009BE  0C00                 R +0 3850   3850 	ld	A,(_FLAG1)
000009C0  E858                   +0 3851   3851 	test	A.0
000009C2  A1                     +0 3852   3852 	j	f,L229
000009C3  1A01                   +0 3853   3853 	ld	C,0x1
000009C5                         +0 3854   3854 L229:
000009C5  EA58                   +0 3855   3855 	ld	CF,C.0
000009C7  E2E8                   +0 3856   3856 	ld	(DE).0,CF
                                 +0 3857   3857 	line "",1686,1,0
000009C9  FA                     +0 3858   3858 	ret
                                 +0 3859   3859 	symbol_b "Key_Water_Pump_pr",2,1686,1
                                 +0 3860   3860 	symbol_b "Key_Air_Pump_pr",5,0,1
                                 +0 3861   3861 	symbol_t 271,xc,"Key_Air_Pump_pr",1,0
                                 +0 3862   3862 	symbol_n "Key_Air_Pump_pr",271,4,1
                                 +0 3863   3863 	symbol_a "Key_Air_Pump_pr",8,0,0
                                 +0 3864   3864 	line "",1689,1,0
                                 +0 3865   3865 	public _Key_Air_Pump_pr
000009CA                         +0 3866   3866 _Key_Air_Pump_pr:
                                 +0 3867   3867 	symbol_a "Key_Air_Pump_pr",6,0,0
                                 +0 3868   3868 	symbol_a "Key_Air_Pump_pr",0,0,0
                                 +0 3869   3869 	symbol_b "Key_Air_Pump_pr",6,0,1
                                 +0 3870   3870 	symbol_b "Key_Air_Pump_pr",1,1689,1
                                 +0 3871   3871 	symbol_a "",51,0,0
                                 +0 3872   3872 	line "",1690,23,0
000009CA  0A0005               R +0 3873   3873 	ld	(_R_buztimer),0x5
                                 +0 3874   3874 	line "",1691,41,0
000009CD  4A0000               R +0 3875   3875 	ld	DE,_FLAG1
000009D0  EA15                   +0 3876   3876 	xor	C,C
000009D2  0C00                 R +0 3877   3877 	ld	A,(_FLAG1)
000009D4  E859                   +0 3878   3878 	test	A.1
000009D6  A1                     +0 3879   3879 	j	f,L230
000009D7  1A01                   +0 3880   3880 	ld	C,0x1
000009D9                         +0 3881   3881 L230:
000009D9  EA58                   +0 3882   3882 	ld	CF,C.0
000009DB  E2E9                   +0 3883   3883 	ld	(DE).1,CF
                                 +0 3884   3884 	line "",1692,1,0
000009DD  FA                     +0 3885   3885 	ret
                                 +0 3886   3886 	symbol_b "Key_Air_Pump_pr",2,1692,1
                                 +0 3887   3887 	symbol_b "Key_Volkey_pr",5,0,1
                                 +0 3888   3888 	symbol_t 272,xc,"Key_Volkey_pr",1,0
                                 +0 3889   3889 	symbol_n "Key_Volkey_pr",272,4,1
                                 +0 3890   3890 	symbol_a "Key_Volkey_pr",8,0,0
                                 +0 3891   3891 	line "",1695,1,0
                                 +0 3892   3892 	public _Key_Volkey_pr
000009DE                         +0 3893   3893 _Key_Volkey_pr:
                                 +0 3894   3894 	symbol_a "Key_Volkey_pr",6,0,0
                                 +0 3895   3895 	symbol_a "Key_Volkey_pr",0,0,0
                                 +0 3896   3896 	symbol_b "Key_Volkey_pr",6,0,1
                                 +0 3897   3897 	symbol_b "Key_Volkey_pr",1,1695,1
                                 +0 3898   3898 	symbol_a "",51,0,0
                                 +0 3899   3899 	line "",1696,27,0
000009DE  070001               R +0 3900   3900 	cmp	(_R_audiostate),0x1
000009E1  DF19                   +0 3901   3901 	j	f,L231
                                 +0 3902   3902 	line "",1698,31,0
000009E3  0A0005               R +0 3903   3903 	ld	(_R_buztimer),0x5
                                 +0 3904   3904 	line "",1699,31,0
000009E6  C900                 R +0 3905   3905 	clr	(_FLAG2).1
                                 +0 3906   3906 	line "",1701,37,0
000009E8  0C00                 R +0 3907   3907 	ld	A,(_R_displayph)
000009EA  D90A                   +0 3908   3908 	j	ne,L232
                                 +0 3909   3909 	line "",1703,40,0
000009EC  0A0001               R +0 3910   3910 	ld	(_R_displayph),0x1
                                 +0 3911   3911 	line "",1704,42,0
000009EF  0A0014               R +0 3912   3912 	ld	(_R_dispcounter),0x14
                                 +0 3913   3913 	line "",1705,43,0
000009F2  0A0000               R +0 3914   3914 	ld	(_R_memflashtimer),0x0
000009F5  FA                     +0 3915   3915 	ret
000009F6                         +0 3916   3916 L232:
                                 +0 3917   3917 	line "",1709,40,0
000009F6  0A0000               R +0 3918   3918 	ld	(_R_displayph),0x0
                                 +0 3919   3919 	line "",1710,41,0
000009F9  0A0000               R +0 3920   3920 	ld	(_R_dispcounter),0x0
000009FC                         +0 3921   3921 L231:
                                 +0 3922   3922 	line "",1713,1,0
000009FC  FA                     +0 3923   3923 	ret
                                 +0 3924   3924 	symbol_b "Key_Volkey_pr",2,1713,1
                                 +0 3925   3925 	symbol_b "Key_Anion_pr",5,0,1
                                 +0 3926   3926 	symbol_t 273,xc,"Key_Anion_pr",1,0
                                 +0 3927   3927 	symbol_n "Key_Anion_pr",273,4,1
                                 +0 3928   3928 	symbol_a "Key_Anion_pr",8,0,0
                                 +0 3929   3929 	line "",1716,1,0
                                 +0 3930   3930 	public _Key_Anion_pr
000009FD                         +0 3931   3931 _Key_Anion_pr:
                                 +0 3932   3932 	symbol_a "Key_Anion_pr",6,0,0
                                 +0 3933   3933 	symbol_a "Key_Anion_pr",0,0,0
                                 +0 3934   3934 	symbol_b "Key_Anion_pr",6,0,1
                                 +0 3935   3935 	symbol_b "Key_Anion_pr",1,1716,1
                                 +0 3936   3936 	symbol_a "",51,0,0
                                 +0 3937   3937 	line "",1717,23,0
000009FD  0A0005               R +0 3938   3938 	ld	(_R_buztimer),0x5
                                 +0 3939   3939 	line "",1718,35,0
00000A00  4A0000               R +0 3940   3940 	ld	DE,_FLAG1
00000A03  EA15                   +0 3941   3941 	xor	C,C
00000A05  0C00                 R +0 3942   3942 	ld	A,(_FLAG1)
00000A07  E85A                   +0 3943   3943 	test	A.2
00000A09  A1                     +0 3944   3944 	j	f,L234
00000A0A  1A01                   +0 3945   3945 	ld	C,0x1
00000A0C                         +0 3946   3946 L234:
00000A0C  EA58                   +0 3947   3947 	ld	CF,C.0
00000A0E  E2EA                   +0 3948   3948 	ld	(DE).2,CF
                                 +0 3949   3949 	line "",1720,25,0
00000A10  5A00                 R +0 3950   3950 	test	(_FLAG1).2
00000A12  83                     +0 3951   3951 	j	t,L235
                                 +0 3952   3952 	line "",1721,37,0
00000A13  08005802             R +0 3953   3953 	ldw	(_R_aniontimer),0x258
00000A17                         +0 3954   3954 L235:
                                 +0 3955   3955 	line "",1722,1,0
00000A17  FA                     +0 3956   3956 	ret
                                 +0 3957   3957 	symbol_b "Key_Anion_pr",2,1722,1
                                 +0 3958   3958 	symbol_t 274,Z,"",202,1,"",-1,0
                                 +0 3959   3959 	symbol_t 275,O,274,1
                                 +0 3960   3960 	symbol_t 276,Z,"",202,1,"",8,0
                                 +0 3961   3961 	symbol_t 277,O,276,1
                                 +0 3962   3962 n_const section romdata medium align=1,1
                                 +0 3963   3963 	symbol_a "LAMPION_TAB",3,0,0
00000084                         +0 3964   3964 _LAMPION_TAB:
00000084  0704020106050300       +0 3965   3965 	db 7,4,2,1,6,5,3,0
                                 +0 3966   3966 	symbol_b "Key_Light_pr",5,0,1
                                 +0 3967   3967 	symbol_t 278,xc,"Key_Light_pr",1,0
                                 +0 3968   3968 	symbol_n "Key_Light_pr",278,4,1
                                 +0 3969   3969 n_code section code medium align=1,1
                                 +0 3970   3970 	symbol_a "Key_Light_pr",8,0,0
                                 +0 3971   3971 	line "",1738,1,0
                                 +0 3972   3972 	public _Key_Light_pr
00000A18                         +0 3973   3973 _Key_Light_pr:
                                 +0 3974   3974 	symbol_n "temp",3,1,1
                                 +0 3975   3975 	symbol_a "Key_Light_pr",6,0,0
                                 +0 3976   3976 	symbol_a "temp",2,1,1
                                 +0 3977   3977 	symbol_a "temp",7,1,1
                                 +0 3978   3978 	symbol_a "Key_Light_pr",0,0,0
                                 +0 3979   3979 	symbol_b "Key_Light_pr",6,0,1
                                 +0 3980   3980 	symbol_b "Key_Light_pr",1,1738,1
                                 +0 3981   3981 	symbol_a "",51,0,0
                                 +0 3982   3982 	line "",1741,23,0
00000A18  0A0005               R +0 3983   3983 	ld	(_R_buztimer),0x5
                                 +0 3984   3984 	line "",1742,37,0
00000A1B  4A0000               R +0 3985   3985 	ld	DE,_FLAG1
00000A1E  EA15                   +0 3986   3986 	xor	C,C
00000A20  0C00                 R +0 3987   3987 	ld	A,(_FLAG1)
00000A22  E85C                   +0 3988   3988 	test	A.4
00000A24  A1                     +0 3989   3989 	j	f,L236
00000A25  1A01                   +0 3990   3990 	ld	C,0x1
00000A27                         +0 3991   3991 L236:
00000A27  EA58                   +0 3992   3992 	ld	CF,C.0
00000A29  E2EC                   +0 3993   3993 	ld	(DE).4,CF
                                 +0 3994   3994 	line "",1744,25,0
00000A2B  E000F0               R +0 3995   3995 	inc	(_R_keylight_cnt)
                                 +0 3996   3996 	line "",1745,31,0
00000A2E  070007               R +0 3997   3997 	cmp	(_R_keylight_cnt),0x7
00000A31  DC03                   +0 3998   3998 	j	le,L237
                                 +0 3999   3999 	line "",1746,35,0
00000A33  0A0000               R +0 4000   4000 	ld	(_R_keylight_cnt),0x0
00000A36                         +0 4001   4001 L237:
                                 +0 4002   4002 	line "",1748,43,0
00000A36  E00044               R +0 4003   4003 	ld	E,(_R_keylight_cnt)
00000A39  1D00                   +0 4004   4004 	ld	D,0x0
00000A3B  EA690000             R +0 4005   4005 	add	DE,_LAMPION_TAB
                                 +0 4006   4006 	symbol_a "",9,1,1
00000A3F  E240                   +0 4007   4007 	ld	A,(DE)
                                 +0 4008   4008 	line "",1749,31,0
00000A41  E858                   +0 4009   4009 	test	A.0
00000A43  A3                     +0 4010   4010 	j	f,L238
                                 +0 4011   4011 	line "",1750,35,0
00000A44  CD00                 R +0 4012   4012 	clr	(_FLAG1).5
00000A46  FC02                   +0 4013   4013 	j	L239
00000A48                         +0 4014   4014 L238:
                                 +0 4015   4015 	line "",1752,35,0
00000A48  C500                 R +0 4016   4016 	set	(_FLAG1).5
00000A4A                         +0 4017   4017 L239:
                                 +0 4018   4018 	line "",1754,31,0
00000A4A  E859                   +0 4019   4019 	test	A.1
00000A4C  A3                     +0 4020   4020 	j	f,L240
                                 +0 4021   4021 	line "",1755,37,0
00000A4D  CE00                 R +0 4022   4022 	clr	(_FLAG1).6
00000A4F  FC02                   +0 4023   4023 	j	L241
00000A51                         +0 4024   4024 L240:
                                 +0 4025   4025 	line "",1757,37,0
00000A51  C600                 R +0 4026   4026 	set	(_FLAG1).6
00000A53                         +0 4027   4027 L241:
                                 +0 4028   4028 	line "",1759,31,0
00000A53  E85A                   +0 4029   4029 	test	A.2
00000A55  A2                     +0 4030   4030 	j	f,L242
                                 +0 4031   4031 	line "",1760,36,0
                                 +0 4032   4032 	symbol_a "",9,0,1
00000A56  CF00                 R +0 4033   4033 	clr	(_FLAG1).7
00000A58  FA                     +0 4034   4034 	ret
00000A59                         +0 4035   4035 L242:
                                 +0 4036   4036 	line "",1762,36,0
00000A59  C700                 R +0 4037   4037 	set	(_FLAG1).7
                                 +0 4038   4038 	line "",1763,1,0
00000A5B  FA                     +0 4039   4039 	ret
                                 +0 4040   4040 	symbol_b "Key_Light_pr",2,1763,1
                                 +0 4041   4041 	symbol_b "Key_Mem_pr",5,0,1
                                 +0 4042   4042 	symbol_t 279,xc,"Key_Mem_pr",1,0
                                 +0 4043   4043 	symbol_n "Key_Mem_pr",279,4,1
                                 +0 4044   4044 	symbol_a "Key_Mem_pr",8,0,0
                                 +0 4045   4045 	line "",1767,1,0
                                 +0 4046   4046 	public _Key_Mem_pr
00000A5C                         +0 4047   4047 _Key_Mem_pr:
                                 +0 4048   4048 	symbol_t 10203,O,35,1
                                 +0 4049   4049 	symbol_n "s",35,1,1
                                 +0 4050   4050 	symbol_a "Key_Mem_pr",6,192,0
                                 +0 4051   4051 	symbol_a "s",2,11,1
                                 +0 4052   4052 	symbol_a "s",7,1,1
                                 +0 4053   4053 	symbol_a "Key_Mem_pr",0,0,0
                                 +0 4054   4054 	symbol_b "Key_Mem_pr",6,0,1
                                 +0 4055   4055 	symbol_b "Key_Mem_pr",1,1767,1
00000A5C  53                     +0 4056   4056 	push	HL
                                 +0 4057   4057 	symbol_a "",51,0,0
                                 +0 4058   4058 	line "",1770,27,0
00000A5D  070001               R +0 4059   4059 	cmp	(_R_audiostate),0x1
00000A60  DF61                   +0 4060   4060 	j	f,L244
                                 +0 4061   4061 	line "",1772,32,0
00000A62  0A0000               R +0 4062   4062 	ld	(_R_displayph),0x0
                                 +0 4063   4063 	line "",1773,33,0
00000A65  0A0000               R +0 4064   4064 	ld	(_R_radiostate),0x0
                                 +0 4065   4065 	line "",1775,38,0
00000A68  070014               R +0 4066   4066 	cmp	(_R_continuekeytm),0x14
00000A6B  DC53                   +0 4067   4067 	j	le,L245
                                 +0 4068   4068 	line "",1777,39,0
00000A6D  0A0003               R +0 4069   4069 	ld	(_R_buztimer),0x3
                                 +0 4070   4070 	line "",1778,39,0
00000A70  5900                 R +0 4071   4071 	test	(_FLAG2).1
00000A72  DF12                   +0 4072   4072 	j	f,L246
                                 +0 4073   4073 	line "",1780,53,0
00000A74  0C00                 R +0 4074   4074 	ld	A,(_R_memstation2)
00000A76  D905                   +0 4075   4075 	j	ne,L247
                                 +0 4076   4076 	line "",1781,58,0
00000A78  0A0001               R +0 4077   4077 	ld	(_R_memstation1),0x1
00000A7B  FC02                   +0 4078   4078 	j	L248
00000A7D                         +0 4079   4079 L247:
                                 +0 4080   4080 	line "",1783,70,0
00000A7D  0E00                 R +0 4081   4081 	ld	(_R_memstation1),A
00000A7F                         +0 4082   4082 L248:
                                 +0 4083   4083 	line "",1785,47,0
00000A7F  C100                 R +0 4084   4084 	set	(_FLAG2).1
                                 +0 4085   4085 	line "",1786,53,0
00000A81  0A0024               R +0 4086   4086 	ld	(_R_memstatetimer),0x24
00000A84  FC3D                   +0 4087   4087 	j	L244
00000A86                         +0 4088   4088 L246:
                                 +0 4089   4089 	line "",1790,77,0
00000A86  0C00                 R +0 4090   4090 	ld	A,(_R_memstation1)
00000A88  0E00                 R +0 4091   4091 	ld	(_R_memstation2),A
00000A8A  0E00                 R +0 4092   4092 	ld	(_R_memstation),A
                                 +0 4093   4093 	line "",1791,47,0
00000A8C  C900                 R +0 4094   4094 	clr	(_FLAG2).1
                                 +0 4095   4095 	line "",1792,52,0
00000A8E  0A0000               R +0 4096   4096 	ld	(_R_memstatetimer),0x0
                                 +0 4097   4097 	line "",1794,61,0
00000A91  4A0000               R +0 4098   4098 	ld	DE,_R_curfrequency
                                 +0 4099   4099 	symbol_a "",9,1,11
00000A94  EA4B                   +0 4100   4100 	ld	HL,DE
                                 +0 4101   4101 	line "",1795,78,0
00000A96  E240                   +0 4102   4102 	ld	A,(DE)
00000A98  F678                   +0 4103   4103 	ld	(SP-),A
                                 +0 4104   4104 	symbol_a "",51,1,0
00000A9A  0C00                 R +0 4105   4105 	ld	A,(_R_memstation1)
00000A9C  1900                   +0 4106   4106 	ld	W,0x0
00000A9E  E8F0                   +0 4107   4107 	shlca	WA
00000AA0  E8691200               +0 4108   4108 	add	WA,0x12
00000AA4  F678                   +0 4109   4109 	ld	(SP-),A
                                 +0 4110   4110 	symbol_a "",51,2,0
00000AA6  FD0000               R +0 4111   4111 	cal	_Write_Eep
                                 +0 4112   4112 	line "",1796,36,0
00000AA9  33                     +0 4113   4113 	inc	HL
                                 +0 4114   4114 	line "",1797,78,0
00000AAA  0D                     +0 4115   4115 	ld	A,(HL)
00000AAB  F678                   +0 4116   4116 	ld	(SP-),A
                                 +0 4117   4117 	symbol_a "",51,3,0
00000AAD  0C00                 R +0 4118   4118 	ld	A,(_R_memstation1)
00000AAF  1900                   +0 4119   4119 	ld	W,0x0
00000AB1  E8F0                   +0 4120   4120 	shlca	WA
00000AB3  E8691300               +0 4121   4121 	add	WA,0x13
00000AB7  F678                   +0 4122   4122 	ld	(SP-),A
                                 +0 4123   4123 	symbol_a "",51,4,0
                                 +0 4124   4124 	symbol_a "",9,0,11
00000AB9  FD0000               R +0 4125   4125 	cal	_Write_Eep
00000ABC  3704                   +0 4126   4126 	ld	SP,SP+0x4
                                 +0 4127   4127 	symbol_a "",51,0,0
00000ABE  FC03                   +0 4128   4128 	j	L244
00000AC0                         +0 4129   4129 L245:
                                 +0 4130   4130 	line "",1801,37,0
00000AC0  FD0000               R +0 4131   4131 	cal	_Key_Num_pr
00000AC3                         +0 4132   4132 L244:
                                 +0 4133   4133 	symbol_a "",51,-1,0
                                 +0 4134   4134 	line "",1803,1,0
00000AC3  D3                     +0 4135   4135 	pop	HL
00000AC4  FA                     +0 4136   4136 	ret
                                 +0 4137   4137 	symbol_a "",51,0,0
                                 +0 4138   4138 	symbol_b "Key_Mem_pr",2,1803,1
                                 +0 4139   4139 	symbol_b "Key_Num_pr",5,0,1
                                 +0 4140   4140 	symbol_t 280,xc,"Key_Num_pr",1,0
                                 +0 4141   4141 	symbol_n "Key_Num_pr",280,4,1
                                 +0 4142   4142 	symbol_a "Key_Num_pr",8,0,0
                                 +0 4143   4143 	line "",1806,1,0
                                 +0 4144   4144 	public _Key_Num_pr
00000AC5                         +0 4145   4145 _Key_Num_pr:
                                 +0 4146   4146 	symbol_t 10204,O,35,1
                                 +0 4147   4147 	symbol_n "s",35,1,1
                                 +0 4148   4148 	symbol_a "Key_Num_pr",6,192,0
                                 +0 4149   4149 	symbol_a "s",2,11,1
                                 +0 4150   4150 	symbol_a "s",7,1,1
                                 +0 4151   4151 	symbol_a "Key_Num_pr",0,0,0
                                 +0 4152   4152 	symbol_b "Key_Num_pr",6,0,1
                                 +0 4153   4153 	symbol_b "Key_Num_pr",1,1806,1
00000AC5  53                     +0 4154   4154 	push	HL
                                 +0 4155   4155 	symbol_a "",51,0,0
                                 +0 4156   4156 	line "",1809,27,0
00000AC6  070001               R +0 4157   4157 	cmp	(_R_audiostate),0x1
00000AC9  82FE0000             R +0 4158   4158 	j	f,L251
                                 +0 4159   4159 	line "",1811,31,0
00000ACD  5900                 R +0 4160   4160 	test	(_FLAG2).1
00000ACF  DF61                   +0 4161   4161 	j	f,L252
                                 +0 4162   4162 	line "",1813,39,0
00000AD1  C900                 R +0 4163   4163 	clr	(_FLAG2).1
                                 +0 4164   4164 	line "",1814,39,0
00000AD3  0A0005               R +0 4165   4165 	ld	(_R_buztimer),0x5
                                 +0 4166   4166 	line "",1815,41,0
00000AD6  0A0000               R +0 4167   4167 	ld	(_R_radiostate),0x0
                                 +0 4168   4168 	line "",1816,42,0
00000AD9  0A0032               R +0 4169   4169 	ld	(_R_volumtimer),0x32
                                 +0 4170   4170 	line "",1817,40,0
00000ADC  0A0002               R +0 4171   4171 	ld	(_R_displayph),0x2
                                 +0 4172   4172 	line "",1818,42,0
00000ADF  0A0004               R +0 4173   4173 	ld	(_R_dispcounter),0x4
                                 +0 4174   4174 	line "",1819,44,0
00000AE2  0A0000               R +0 4175   4175 	ld	(_R_memstatetimer),0x0
                                 +0 4176   4176 	line "",1820,87,0
00000AE5  490100                 +0 4177   4177 	ld	BC,0x1
00000AE8  0C00                 R +0 4178   4178 	ld	A,(_R_memstation)
00000AEA  6707                   +0 4179   4179 	cmp	A,0x7
00000AEC  DD05                   +0 4180   4180 	j	gt,L253
00000AEE  1900                   +0 4181   4181 	ld	W,0x0
00000AF0  E849                   +0 4182   4182 	ld	BC,WA
00000AF2  31                     +0 4183   4183 	inc	BC
00000AF3                         +0 4184   4184 L253:
00000AF3  F0007A               R +0 4185   4185 	ld	(_R_memstation),C
00000AF6  F0007A               R +0 4186   4186 	ld	(_R_memstation2),C
                                 +0 4187   4187 	line "",1822,53,0
                                 +0 4188   4188 	symbol_a "",9,1,11
00000AF9  4B0000               R +0 4189   4189 	ld	HL,_R_curfrequency
                                 +0 4190   4190 	line "",1823,70,0
00000AFC  12                     +0 4191   4191 	ld	A,C
00000AFD  1900                   +0 4192   4192 	ld	W,0x0
00000AFF  E8F0                   +0 4193   4193 	shlca	WA
00000B01  E8691200               +0 4194   4194 	add	WA,0x12
00000B05  F678                   +0 4195   4195 	ld	(SP-),A
                                 +0 4196   4196 	symbol_a "",51,1,0
00000B07  FD0000               R +0 4197   4197 	cal	_Read_Eep
00000B0A  0F                     +0 4198   4198 	ld	(HL),A
                                 +0 4199   4199 	line "",1824,28,0
00000B0B  33                     +0 4200   4200 	inc	HL
                                 +0 4201   4201 	line "",1825,70,0
00000B0C  0C00                 R +0 4202   4202 	ld	A,(_R_memstation)
00000B0E  1900                   +0 4203   4203 	ld	W,0x0
00000B10  E8F0                   +0 4204   4204 	shlca	WA
00000B12  E8691300               +0 4205   4205 	add	WA,0x13
00000B16  F678                   +0 4206   4206 	ld	(SP-),A
                                 +0 4207   4207 	symbol_a "",51,2,0
00000B18  FD0000               R +0 4208   4208 	cal	_Read_Eep
00000B1B  D2                     +0 4209   4209 	pop	DE
                                 +0 4210   4210 	symbol_a "",51,0,0
00000B1C  0F                     +0 4211   4211 	ld	(HL),A
                                 +0 4212   4212 	line "",1826,74,0
00000B1D  E00048               R +0 4213   4213 	ld	WA,(_R_curfrequency)
00000B20  E86FAC07               +0 4214   4214 	cmp	WA,0x7ac
00000B24  DA06                   +0 4215   4215 	j	lt,L254
                                 +0 4216   4216 	symbol_a "",9,0,11
00000B26  E86F4609               +0 4217   4217 	cmp	WA,0x946
00000B2A  DC25                   +0 4218   4218 	j	le,L251
00000B2C                         +0 4219   4219 L254:
                                 +0 4220   4220 	line "",1827,55,0
00000B2C  0800AC07             R +0 4221   4221 	ldw	(_R_curfrequency),0x7ac
00000B30  FC1F                   +0 4222   4222 	j	L251
00000B32                         +0 4223   4223 L252:
                                 +0 4224   4224 	line "",1831,39,0
00000B32  C100                 R +0 4225   4225 	set	(_FLAG2).1
                                 +0 4226   4226 	line "",1832,39,0
00000B34  0A0005               R +0 4227   4227 	ld	(_R_buztimer),0x5
                                 +0 4228   4228 	line "",1833,45,0
00000B37  0A0024               R +0 4229   4229 	ld	(_R_memstatetimer),0x24
                                 +0 4230   4230 	line "",1834,46,0
00000B3A  0A0065               R +0 4231   4231 	ld	(_R_memflashtimer),0x65
                                 +0 4232   4232 	line "",1835,90,0
00000B3D  490100                 +0 4233   4233 	ld	BC,0x1
00000B40  0C00                 R +0 4234   4234 	ld	A,(_R_memstation1)
00000B42  6707                   +0 4235   4235 	cmp	A,0x7
00000B44  DD05                   +0 4236   4236 	j	gt,L257
00000B46  1900                   +0 4237   4237 	ld	W,0x0
00000B48  E849                   +0 4238   4238 	ld	BC,WA
00000B4A  31                     +0 4239   4239 	inc	BC
00000B4B                         +0 4240   4240 L257:
00000B4B  F0007A               R +0 4241   4241 	ld	(_R_memstation1),C
00000B4E  F0007A               R +0 4242   4242 	ld	(_R_memstation2),C
00000B51                         +0 4243   4243 L251:
                                 +0 4244   4244 	symbol_a "",51,-1,0
                                 +0 4245   4245 	line "",1838,1,0
00000B51  D3                     +0 4246   4246 	pop	HL
00000B52  FA                     +0 4247   4247 	ret
                                 +0 4248   4248 	symbol_a "",51,0,0
                                 +0 4249   4249 	symbol_b "Key_Num_pr",2,1838,1
                                 +0 4250   4250 	symbol_b "Key_Fm_pr",5,0,1
                                 +0 4251   4251 	symbol_t 281,xc,"Key_Fm_pr",1,0
                                 +0 4252   4252 	symbol_n "Key_Fm_pr",281,4,1
                                 +0 4253   4253 	symbol_a "Key_Fm_pr",8,0,0
                                 +0 4254   4254 	line "",1842,1,0
                                 +0 4255   4255 	public _Key_Fm_pr
00000B53                         +0 4256   4256 _Key_Fm_pr:
                                 +0 4257   4257 	symbol_a "Key_Fm_pr",6,0,0
                                 +0 4258   4258 	symbol_a "Key_Fm_pr",0,0,0
                                 +0 4259   4259 	symbol_b "Key_Fm_pr",6,0,1
                                 +0 4260   4260 	symbol_b "Key_Fm_pr",1,1842,1
                                 +0 4261   4261 	symbol_a "",51,0,0
                                 +0 4262   4262 	line "",1843,23,0
00000B53  0A0005               R +0 4263   4263 	ld	(_R_buztimer),0x5
                                 +0 4264   4264 	line "",1845,27,0
00000B56  070001               R +0 4265   4265 	cmp	(_R_audiostate),0x1
00000B59  84                     +0 4266   4266 	j	t,L258
                                 +0 4267   4267 	line "",1847,33,0
00000B5A  0A0001               R +0 4268   4268 	ld	(_R_audiostate),0x1
00000B5D  FC03                   +0 4269   4269 	j	L259
00000B5F                         +0 4270   4270 L258:
                                 +0 4271   4271 	line "",1851,33,0
00000B5F  0A0000               R +0 4272   4272 	ld	(_R_audiostate),0x0
00000B62                         +0 4273   4273 L259:
                                 +0 4274   4274 	line "",1854,23,0
00000B62  C900                 R +0 4275   4275 	clr	(_FLAG2).1
                                 +0 4276   4276 	line "",1855,25,0
00000B64  0A0000               R +0 4277   4277 	ld	(_R_radiostate),0x0
                                 +0 4278   4278 	line "",1856,23,0
00000B67  0A0000               R +0 4279   4279 	ld	(_R_displayph),0x0
                                 +0 4280   4280 	line "",1858,18,0
00000B6A  FE0000               R +0 4281   4281 	j	_Radiost
                                 +0 4282   4282 	line "",1859,1,0
                                 +0 4283   4283 	symbol_b "Key_Fm_pr",2,1859,1
                                 +0 4284   4284 	symbol_b "Key_Up_pr",5,0,1
                                 +0 4285   4285 	symbol_t 282,xc,"Key_Up_pr",1,0
                                 +0 4286   4286 	symbol_n "Key_Up_pr",282,4,1
                                 +0 4287   4287 	symbol_a "Key_Up_pr",8,0,0
                                 +0 4288   4288 	line "",1862,1,0
                                 +0 4289   4289 	public _Key_Up_pr
00000B6D                         +0 4290   4290 _Key_Up_pr:
                                 +0 4291   4291 	symbol_a "Key_Up_pr",6,0,0
                                 +0 4292   4292 	symbol_a "Key_Up_pr",0,0,0
                                 +0 4293   4293 	symbol_b "Key_Up_pr",6,0,1
                                 +0 4294   4294 	symbol_b "Key_Up_pr",1,1862,1
                                 +0 4295   4295 	symbol_a "",51,0,0
                                 +0 4296   4296 	line "",1864,27,0
00000B6D  070001               R +0 4297   4297 	cmp	(_R_audiostate),0x1
00000B70  DF34                   +0 4298   4298 	j	f,L260
                                 +0 4299   4299 	line "",1866,31,0
00000B72  C900                 R +0 4300   4300 	clr	(_FLAG2).1
                                 +0 4301   4301 	line "",1867,32,0
00000B74  0A0000               R +0 4302   4302 	ld	(_R_displayph),0x0
                                 +0 4303   4303 	line "",1868,33,0
00000B77  0A0000               R +0 4304   4304 	ld	(_R_memstation),0x0
                                 +0 4305   4305 	line "",1869,31,0
00000B7A  0A0003               R +0 4306   4306 	ld	(_R_buztimer),0x3
                                 +0 4307   4307 	line "",1871,35,0
00000B7D  0C00                 R +0 4308   4308 	ld	A,(_R_radiostate)
00000B7F  D807                   +0 4309   4309 	j	eq,L261
                                 +0 4310   4310 	line "",1873,41,0
00000B81  0A0000               R +0 4311   4311 	ld	(_R_radiostate),0x0
                                 +0 4312   4312 	line "",1874,42,0
00000B84  0A0014               R +0 4313   4313 	ld	(_R_volumtimer),0x14
00000B87  FA                     +0 4314   4314 	ret
00000B88                         +0 4315   4315 L261:
                                 +0 4316   4316 	line "",1878,46,0
00000B88  070006               R +0 4317   4317 	cmp	(_R_continuekeytm),0x6
00000B8B  DA03                   +0 4318   4318 	j	lt,L263
                                 +0 4319   4319 	line "",1879,50,0
00000B8D  0A0032               R +0 4320   4320 	ld	(_R_volumtimer),0x32
00000B90                         +0 4321   4321 L263:
                                 +0 4322   4322 	line "",1881,50,0
00000B90  E00048               R +0 4323   4323 	ld	WA,(_R_curfrequency)
00000B93  E86F4409               +0 4324   4324 	cmp	WA,0x944
00000B97  DD09                   +0 4325   4325 	j	gt,L264
                                 +0 4326   4326 	line "",1882,66,0
00000B99  E00048               R +0 4327   4327 	ld	WA,(_R_curfrequency)
00000B9C  30                     +0 4328   4328 	inc	WA
00000B9D  30                     +0 4329   4329 	inc	WA
00000B9E  F00068               R +0 4330   4330 	ld	(_R_curfrequency),WA
00000BA1  FA                     +0 4331   4331 	ret
00000BA2                         +0 4332   4332 L264:
                                 +0 4333   4333 	line "",1884,55,0
00000BA2  0800AC07             R +0 4334   4334 	ldw	(_R_curfrequency),0x7ac
00000BA6                         +0 4335   4335 L260:
                                 +0 4336   4336 	line "",1888,1,0
00000BA6  FA                     +0 4337   4337 	ret
                                 +0 4338   4338 	symbol_b "Key_Up_pr",2,1888,1
                                 +0 4339   4339 	symbol_b "Key_Dn_pr",5,0,1
                                 +0 4340   4340 	symbol_t 283,xc,"Key_Dn_pr",1,0
                                 +0 4341   4341 	symbol_n "Key_Dn_pr",283,4,1
                                 +0 4342   4342 	symbol_a "Key_Dn_pr",8,0,0
                                 +0 4343   4343 	line "",1891,1,0
                                 +0 4344   4344 	public _Key_Dn_pr
00000BA7                         +0 4345   4345 _Key_Dn_pr:
                                 +0 4346   4346 	symbol_a "Key_Dn_pr",6,0,0
                                 +0 4347   4347 	symbol_a "Key_Dn_pr",0,0,0
                                 +0 4348   4348 	symbol_b "Key_Dn_pr",6,0,1
                                 +0 4349   4349 	symbol_b "Key_Dn_pr",1,1891,1
                                 +0 4350   4350 	symbol_a "",51,0,0
                                 +0 4351   4351 	line "",1892,27,0
00000BA7  070001               R +0 4352   4352 	cmp	(_R_audiostate),0x1
00000BAA  DF34                   +0 4353   4353 	j	f,L266
                                 +0 4354   4354 	line "",1894,31,0
00000BAC  C900                 R +0 4355   4355 	clr	(_FLAG2).1
                                 +0 4356   4356 	line "",1895,32,0
00000BAE  0A0000               R +0 4357   4357 	ld	(_R_displayph),0x0
                                 +0 4358   4358 	line "",1896,33,0
00000BB1  0A0000               R +0 4359   4359 	ld	(_R_memstation),0x0
                                 +0 4360   4360 	line "",1897,31,0
00000BB4  0A0003               R +0 4361   4361 	ld	(_R_buztimer),0x3
                                 +0 4362   4362 	line "",1899,35,0
00000BB7  0C00                 R +0 4363   4363 	ld	A,(_R_radiostate)
00000BB9  D807                   +0 4364   4364 	j	eq,L267
                                 +0 4365   4365 	line "",1901,41,0
00000BBB  0A0000               R +0 4366   4366 	ld	(_R_radiostate),0x0
                                 +0 4367   4367 	line "",1902,42,0
00000BBE  0A0014               R +0 4368   4368 	ld	(_R_volumtimer),0x14
00000BC1  FA                     +0 4369   4369 	ret
00000BC2                         +0 4370   4370 L267:
                                 +0 4371   4371 	line "",1906,46,0
00000BC2  070006               R +0 4372   4372 	cmp	(_R_continuekeytm),0x6
00000BC5  DA03                   +0 4373   4373 	j	lt,L269
                                 +0 4374   4374 	line "",1907,50,0
00000BC7  0A0032               R +0 4375   4375 	ld	(_R_volumtimer),0x32
00000BCA                         +0 4376   4376 L269:
                                 +0 4377   4377 	line "",1909,50,0
00000BCA  E00048               R +0 4378   4378 	ld	WA,(_R_curfrequency)
00000BCD  E86FAD07               +0 4379   4379 	cmp	WA,0x7ad
00000BD1  DA09                   +0 4380   4380 	j	lt,L270
                                 +0 4381   4381 	line "",1910,66,0
00000BD3  E00048               R +0 4382   4382 	ld	WA,(_R_curfrequency)
00000BD6  38                     +0 4383   4383 	dec	WA
00000BD7  38                     +0 4384   4384 	dec	WA
00000BD8  F00068               R +0 4385   4385 	ld	(_R_curfrequency),WA
00000BDB  FA                     +0 4386   4386 	ret
00000BDC                         +0 4387   4387 L270:
                                 +0 4388   4388 	line "",1912,55,0
00000BDC  08004609             R +0 4389   4389 	ldw	(_R_curfrequency),0x946
00000BE0                         +0 4390   4390 L266:
                                 +0 4391   4391 	line "",1915,1,0
00000BE0  FA                     +0 4392   4392 	ret
                                 +0 4393   4393 	symbol_b "Key_Dn_pr",2,1915,1
                                 +0 4394   4394 	symbol_b "Key_VolumUP_pr",5,0,1
                                 +0 4395   4395 	symbol_t 284,xc,"Key_VolumUP_pr",1,0
                                 +0 4396   4396 	symbol_n "Key_VolumUP_pr",284,4,1
                                 +0 4397   4397 	symbol_a "Key_VolumUP_pr",8,0,0
                                 +0 4398   4398 	line "",1918,1,0
                                 +0 4399   4399 	public _Key_VolumUP_pr
00000BE1                         +0 4400   4400 _Key_VolumUP_pr:
                                 +0 4401   4401 	symbol_a "Key_VolumUP_pr",6,0,0
                                 +0 4402   4402 	symbol_a "Key_VolumUP_pr",0,0,0
                                 +0 4403   4403 	symbol_b "Key_VolumUP_pr",6,0,1
                                 +0 4404   4404 	symbol_b "Key_VolumUP_pr",1,1918,1
                                 +0 4405   4405 	symbol_a "",51,0,0
                                 +0 4406   4406 	line "",1919,27,0
00000BE1  070001               R +0 4407   4407 	cmp	(_R_audiostate),0x1
00000BE4  DF20                   +0 4408   4408 	j	f,L272
                                 +0 4409   4409 	line "",1921,31,0
00000BE6  0A0005               R +0 4410   4410 	ld	(_R_buztimer),0x5
                                 +0 4411   4411 	line "",1922,31,0
00000BE9  C900                 R +0 4412   4412 	clr	(_FLAG2).1
                                 +0 4413   4413 	line "",1924,36,0
00000BEB  070001               R +0 4414   4414 	cmp	(_R_displayph),0x1
00000BEE  AD                     +0 4415   4415 	j	f,L273
                                 +0 4416   4416 	line "",1926,39,0
00000BEF  070004               R +0 4417   4417 	cmp	(_R_volum),0x4
00000BF2  DB05                   +0 4418   4418 	j	ge,L274
                                 +0 4419   4419 	line "",1927,44,0
00000BF4  0A0000               R +0 4420   4420 	ld	(_R_volum),0x0
00000BF7  FC04                   +0 4421   4421 	j	L273
00000BF9                         +0 4422   4422 L274:
                                 +0 4423   4423 	line "",1929,45,0
00000BF9  E0006304             R +0 4424   4424 	sub	(_R_volum),0x4
00000BFD                         +0 4425   4425 L273:
                                 +0 4426   4426 	line "",1932,32,0
00000BFD  0A0001               R +0 4427   4427 	ld	(_R_displayph),0x1
                                 +0 4428   4428 	line "",1933,34,0
00000C00  0A0014               R +0 4429   4429 	ld	(_R_dispcounter),0x14
                                 +0 4430   4430 	line "",1934,36,0
00000C03  0A0000               R +0 4431   4431 	ld	(_R_memflashtimer),0x0
00000C06                         +0 4432   4432 L272:
                                 +0 4433   4433 	line "",1936,1,0
00000C06  FA                     +0 4434   4434 	ret
                                 +0 4435   4435 	symbol_b "Key_VolumUP_pr",2,1936,1
                                 +0 4436   4436 	symbol_b "Key_VolumDN_pr",5,0,1
                                 +0 4437   4437 	symbol_t 285,xc,"Key_VolumDN_pr",1,0
                                 +0 4438   4438 	symbol_n "Key_VolumDN_pr",285,4,1
                                 +0 4439   4439 	symbol_a "Key_VolumDN_pr",8,0,0
                                 +0 4440   4440 	line "",1939,1,0
                                 +0 4441   4441 	public _Key_VolumDN_pr
00000C07                         +0 4442   4442 _Key_VolumDN_pr:
                                 +0 4443   4443 	symbol_a "Key_VolumDN_pr",6,0,0
                                 +0 4444   4444 	symbol_a "Key_VolumDN_pr",0,0,0
                                 +0 4445   4445 	symbol_b "Key_VolumDN_pr",6,0,1
                                 +0 4446   4446 	symbol_b "Key_VolumDN_pr",1,1939,1
                                 +0 4447   4447 	symbol_a "",51,0,0
                                 +0 4448   4448 	line "",1940,27,0
00000C07  070001               R +0 4449   4449 	cmp	(_R_audiostate),0x1
00000C0A  DF20                   +0 4450   4450 	j	f,L276
                                 +0 4451   4451 	line "",1942,31,0
00000C0C  0A0005               R +0 4452   4452 	ld	(_R_buztimer),0x5
                                 +0 4453   4453 	line "",1943,31,0
00000C0F  C900                 R +0 4454   4454 	clr	(_FLAG2).1
                                 +0 4455   4455 	line "",1945,36,0
00000C11  070001               R +0 4456   4456 	cmp	(_R_displayph),0x1
00000C14  AD                     +0 4457   4457 	j	f,L277
                                 +0 4458   4458 	line "",1947,40,0
00000C15  07004C               R +0 4459   4459 	cmp	(_R_volum),0x4c
00000C18  DC05                   +0 4460   4460 	j	le,L278
                                 +0 4461   4461 	line "",1948,45,0
00000C1A  0A0050               R +0 4462   4462 	ld	(_R_volum),0x50
00000C1D  FC04                   +0 4463   4463 	j	L277
00000C1F                         +0 4464   4464 L278:
                                 +0 4465   4465 	line "",1950,45,0
00000C1F  E0006104             R +0 4466   4466 	add	(_R_volum),0x4
00000C23                         +0 4467   4467 L277:
                                 +0 4468   4468 	line "",1953,32,0
00000C23  0A0001               R +0 4469   4469 	ld	(_R_displayph),0x1
                                 +0 4470   4470 	line "",1954,34,0
00000C26  0A0014               R +0 4471   4471 	ld	(_R_dispcounter),0x14
                                 +0 4472   4472 	line "",1955,36,0
00000C29  0A0000               R +0 4473   4473 	ld	(_R_memflashtimer),0x0
00000C2C                         +0 4474   4474 L276:
                                 +0 4475   4475 	line "",1957,1,0
00000C2C  FA                     +0 4476   4476 	ret
                                 +0 4477   4477 	symbol_b "Key_VolumDN_pr",2,1957,1
                                 +0 4478   4478 	symbol_b "Key_Up_pr2",5,0,1
                                 +0 4479   4479 	symbol_t 286,xc,"Key_Up_pr2",1,0
                                 +0 4480   4480 	symbol_n "Key_Up_pr2",286,4,1
                                 +0 4481   4481 	symbol_a "Key_Up_pr2",8,0,0
                                 +0 4482   4482 	line "",1961,1,0
                                 +0 4483   4483 	public _Key_Up_pr2
00000C2D                         +0 4484   4484 _Key_Up_pr2:
                                 +0 4485   4485 	symbol_a "Key_Up_pr2",6,0,0
                                 +0 4486   4486 	symbol_a "Key_Up_pr2",0,0,0
                                 +0 4487   4487 	symbol_b "Key_Up_pr2",6,0,1
                                 +0 4488   4488 	symbol_b "Key_Up_pr2",1,1961,1
                                 +0 4489   4489 	symbol_a "",51,0,0
                                 +0 4490   4490 	line "",1963,27,0
00000C2D  070001               R +0 4491   4491 	cmp	(_R_audiostate),0x1
00000C30  A9                     +0 4492   4492 	j	f,L280
                                 +0 4493   4493 	line "",1965,36,0
00000C31  070000               R +0 4494   4494 	cmp	(_R_displayph),0x0
00000C34  A2                     +0 4495   4495 	j	f,L281
                                 +0 4496   4496 	line "",1967,37,0
00000C35  FE0000               R +0 4497   4497 	j	_Key_Up_pr
00000C38                         +0 4498   4498 L281:
                                 +0 4499   4499 	line "",1971,42,0
00000C38  FD0000               R +0 4500   4500 	cal	_Key_VolumUP_pr
00000C3B                         +0 4501   4501 L280:
                                 +0 4502   4502 	line "",1974,1,0
00000C3B  FA                     +0 4503   4503 	ret
                                 +0 4504   4504 	symbol_b "Key_Up_pr2",2,1974,1
                                 +0 4505   4505 	symbol_b "Key_Dn_pr2",5,0,1
                                 +0 4506   4506 	symbol_t 287,xc,"Key_Dn_pr2",1,0
                                 +0 4507   4507 	symbol_n "Key_Dn_pr2",287,4,1
                                 +0 4508   4508 	symbol_a "Key_Dn_pr2",8,0,0
                                 +0 4509   4509 	line "",1978,1,0
                                 +0 4510   4510 	public _Key_Dn_pr2
00000C3C                         +0 4511   4511 _Key_Dn_pr2:
                                 +0 4512   4512 	symbol_a "Key_Dn_pr2",6,0,0
                                 +0 4513   4513 	symbol_a "Key_Dn_pr2",0,0,0
                                 +0 4514   4514 	symbol_b "Key_Dn_pr2",6,0,1
                                 +0 4515   4515 	symbol_b "Key_Dn_pr2",1,1978,1
                                 +0 4516   4516 	symbol_a "",51,0,0
                                 +0 4517   4517 	line "",1980,27,0
00000C3C  070001               R +0 4518   4518 	cmp	(_R_audiostate),0x1
00000C3F  A9                     +0 4519   4519 	j	f,L283
                                 +0 4520   4520 	line "",1982,36,0
00000C40  070000               R +0 4521   4521 	cmp	(_R_displayph),0x0
00000C43  A2                     +0 4522   4522 	j	f,L284
                                 +0 4523   4523 	line "",1984,37,0
00000C44  FE0000               R +0 4524   4524 	j	_Key_Dn_pr
00000C47                         +0 4525   4525 L284:
                                 +0 4526   4526 	line "",1988,42,0
00000C47  FD0000               R +0 4527   4527 	cal	_Key_VolumDN_pr
00000C4A                         +0 4528   4528 L283:
                                 +0 4529   4529 	line "",1991,1,0
00000C4A  FA                     +0 4530   4530 	ret
                                 +0 4531   4531 	symbol_b "Key_Dn_pr2",2,1991,1
                                 +0 4532   4532 	symbol_b "Radiost",5,0,1
                                 +0 4533   4533 	symbol_t 288,xc,"Radiost",1,0
                                 +0 4534   4534 	symbol_n "Radiost",288,4,1
                                 +0 4535   4535 	symbol_a "Radiost",8,0,0
                                 +0 4536   4536 	line "",1995,1,0
                                 +0 4537   4537 	public _Radiost
00000C4B                         +0 4538   4538 _Radiost:
                                 +0 4539   4539 	symbol_t 10205,O,35,1
                                 +0 4540   4540 	symbol_n "s",35,1,1
                                 +0 4541   4541 	symbol_a "Radiost",6,192,0
                                 +0 4542   4542 	symbol_a "s",2,11,1
                                 +0 4543   4543 	symbol_a "s",7,1,1
                                 +0 4544   4544 	symbol_a "Radiost",0,0,0
                                 +0 4545   4545 	symbol_b "Radiost",6,0,1
                                 +0 4546   4546 	symbol_b "Radiost",1,1995,1
00000C4B  53                     +0 4547   4547 	push	HL
                                 +0 4548   4548 	symbol_a "",51,0,0
                                 +0 4549   4549 	line "",1998,37,0
00000C4C  4A0000               R +0 4550   4550 	ld	DE,_R_curfrequency
                                 +0 4551   4551 	symbol_a "",9,1,11
00000C4F  EA4B                   +0 4552   4552 	ld	HL,DE
                                 +0 4553   4553 	line "",2000,25,0
00000C51  E240                   +0 4554   4554 	ld	A,(DE)
00000C53  F678                   +0 4555   4555 	ld	(SP-),A
                                 +0 4556   4556 	symbol_a "",51,1,0
00000C55  F6F950                 +0 4557   4557 	ld	(SP-),0x50
                                 +0 4558   4558 	symbol_a "",51,2,0
00000C58  FD0000               R +0 4559   4559 	cal	_Write_Eep
                                 +0 4560   4560 	line "",2001,12,0
00000C5B  33                     +0 4561   4561 	inc	HL
                                 +0 4562   4562 	line "",2002,25,0
00000C5C  0D                     +0 4563   4563 	ld	A,(HL)
00000C5D  F678                   +0 4564   4564 	ld	(SP-),A
                                 +0 4565   4565 	symbol_a "",51,3,0
00000C5F  F6F951                 +0 4566   4566 	ld	(SP-),0x51
                                 +0 4567   4567 	symbol_a "",51,4,0
                                 +0 4568   4568 	symbol_a "",9,0,11
00000C62  FD0000               R +0 4569   4569 	cal	_Write_Eep
                                 +0 4570   4570 	line "",2003,30,0
00000C65  0C00                 R +0 4571   4571 	ld	A,(_R_volum)
00000C67  F678                   +0 4572   4572 	ld	(SP-),A
                                 +0 4573   4573 	symbol_a "",51,5,0
00000C69  F6F952                 +0 4574   4574 	ld	(SP-),0x52
                                 +0 4575   4575 	symbol_a "",51,6,0
00000C6C  FD0000               R +0 4576   4576 	cal	_Write_Eep
                                 +0 4577   4577 	line "",2004,35,0
00000C6F  0C00                 R +0 4578   4578 	ld	A,(_R_memstation)
00000C71  F678                   +0 4579   4579 	ld	(SP-),A
                                 +0 4580   4580 	symbol_a "",51,7,0
00000C73  F6F953                 +0 4581   4581 	ld	(SP-),0x53
                                 +0 4582   4582 	symbol_a "",51,8,0
00000C76  FD0000               R +0 4583   4583 	cal	_Write_Eep
00000C79  3708                   +0 4584   4584 	ld	SP,SP+0x8
                                 +0 4585   4585 	symbol_a "",51,-1,0
                                 +0 4586   4586 	line "",2005,1,0
00000C7B  D3                     +0 4587   4587 	pop	HL
00000C7C  FA                     +0 4588   4588 	ret
                                 +0 4589   4589 	symbol_a "",51,0,0
                                 +0 4590   4590 	symbol_b "Radiost",2,2005,1
                                 +0 4591   4591 	symbol_t 289,xc,"",1,-1
                                 +0 4592   4592 	symbol_t 290,O,289,1
                                 +0 4593   4593 	symbol_b "Panel_send",5,0,1
                                 +0 4594   4594 	symbol_t 291,xc,"Panel_send",1,1,"t_data",7,0
                                 +0 4595   4595 	symbol_n "Panel_send",291,4,1
                                 +0 4596   4596 	symbol_a "Panel_send",8,0,0
                                 +0 4597   4597 	line "",2009,1,0
                                 +0 4598   4598 	public _Panel_send
00000C7D                         +0 4599   4599 _Panel_send:
                                 +0 4600   4600 	symbol_n "i",3,1,1
                                 +0 4601   4601 	symbol_t 10206,nv,83,0
                                 +0 4602   4602 	symbol_t 10207,O,10206,1
                                 +0 4603   4603 	symbol_t 10208,nv,69,0
                                 +0 4604   4604 	symbol_t 10209,O,10208,1
                                 +0 4605   4605 	symbol_t 10210,nv,73,0
                                 +0 4606   4606 	symbol_t 10211,O,10210,1
                                 +0 4607   4607 	symbol_t 10212,nv,73,0
                                 +0 4608   4608 	symbol_t 10213,O,10212,1
                                 +0 4609   4609 	symbol_t 10214,nv,71,0
                                 +0 4610   4610 	symbol_t 10215,O,10214,1
                                 +0 4611   4611 	symbol_t 10216,nv,71,0
                                 +0 4612   4612 	symbol_t 10217,O,10216,1
                                 +0 4613   4613 	symbol_t 10218,nv,69,0
                                 +0 4614   4614 	symbol_t 10219,O,10218,1
                                 +0 4615   4615 	symbol_a "Panel_send",6,192,0
                                 +0 4616   4616 	symbol_a "i",2,7,1
                                 +0 4617   4617 	symbol_a "i",7,1,1
                                 +0 4618   4618 	symbol_a "Panel_send",0,0,0
                                 +0 4619   4619 	symbol_a "t_data",1, 5,0
                                 +0 4620   4620 	symbol_b "Panel_send",6,0,1
                                 +0 4621   4621 	symbol_b "Panel_send",1,2009,1
00000C7D  53                     +0 4622   4622 	push	HL
                                 +0 4623   4623 	symbol_a "",51,0,0
                                 +0 4624   4624 	line "",2012,25,0
00000C7E  CD03                   +0 4625   4625 	clr	(_P3DR).5
                                 +0 4626   4626 	line "",2014,16,0
                                 +0 4627   4627 	symbol_a "",9,1,7
00000C80  EE35                   +0 4628   4628 	xor	L,L
00000C82                         +0 4629   4629 L287:
                                 +0 4630   4630 	line "",2016,43,0
00000C82  D6065F                 +0 4631   4631 	test	(SP+0x6).7
00000C85  A3                     +0 4632   4632 	j	f,L288
                                 +0 4633   4633 	line "",2017,41,0
00000C86  CB03                   +0 4634   4634 	clr	(_P3DR).3
00000C88  FC02                   +0 4635   4635 	j	L289
00000C8A                         +0 4636   4636 L288:
                                 +0 4637   4637 	line "",2019,41,0
00000C8A  C303                   +0 4638   4638 	set	(_P3DR).3
00000C8C                         +0 4639   4639 L289:
                                 +0 4640   4640 	line "",2021,27,0
00000C8C  D60548                 +0 4641   4641 	ld	WA,(SP+0x5)
00000C8F  E8F0                   +0 4642   4642 	shlca	WA
00000C91  560568                 +0 4643   4643 	ld	(SP+0x5),WA
                                 +0 4644   4644 	line "",2023,35,0
00000C94  00                     +0 4645   4645 	NOP	
                                 +0 4646   4646 	line "",2024,33,0
00000C95  CC03                   +0 4647   4647 	clr	(_P3DR).4
                                 +0 4648   4648 	line "",2025,35,0
00000C97  00                     +0 4649   4649 	NOP	
                                 +0 4650   4650 	line "",2026,33,0
00000C98  C403                   +0 4651   4651 	set	(_P3DR).4
                                 +0 4652   4652 	line "",2014,25,0
00000C9A  26                     +0 4653   4653 	inc	L
                                 +0 4654   4654 	line "",2014,21,0
00000C9B  EE6710                 +0 4655   4655 	cmp	L,0x10
00000C9E  DAE2                   +0 4656   4656 	j	lt,L287
                                 +0 4657   4657 	line "",2029,27,0
                                 +0 4658   4658 	symbol_a "",9,0,7
00000CA0  00                     +0 4659   4659 	NOP	
                                 +0 4660   4660 	line "",2030,25,0
00000CA1  C503                   +0 4661   4661 	set	(_P3DR).5
                                 +0 4662   4662 	symbol_a "",51,-1,0
                                 +0 4663   4663 	line "",2031,1,0
00000CA3  D3                     +0 4664   4664 	pop	HL
00000CA4  FA                     +0 4665   4665 	ret
                                 +0 4666   4666 	symbol_a "",51,0,0
                                 +0 4667   4667 	symbol_b "Panel_send",2,2031,1
                                 +0 4668   4668 	symbol_b "Scankeysub",5,0,1
                                 +0 4669   4669 	symbol_t 292,xc,"Scankeysub",1,0
                                 +0 4670   4670 	symbol_n "Scankeysub",292,4,1
                                 +0 4671   4671 	symbol_a "Scankeysub",8,0,0
                                 +0 4672   4672 	line "",2035,1,0
                                 +0 4673   4673 	public _Scankeysub
00000CA5                         +0 4674   4674 _Scankeysub:
                                 +0 4675   4675 	symbol_t 10220,nv,83,0
                                 +0 4676   4676 	symbol_t 10221,O,10220,1
                                 +0 4677   4677 	symbol_t 10222,nv,75,0
                                 +0 4678   4678 	symbol_t 10223,O,10222,1
                                 +0 4679   4679 	symbol_t 10224,nv,75,0
                                 +0 4680   4680 	symbol_t 10225,O,10224,1
                                 +0 4681   4681 	symbol_a "Scankeysub",6,0,0
                                 +0 4682   4682 	symbol_a "Scankeysub",0,0,0
                                 +0 4683   4683 	symbol_b "Scankeysub",6,0,1
                                 +0 4684   4684 	symbol_b "Scankeysub",1,2035,1
                                 +0 4685   4685 	symbol_a "",51,0,0
                                 +0 4686   4686 	line "",2036,29,0
00000CA5  0C00                 R +0 4687   4687 	ld	A,(_R_scankey_ph)
00000CA7  6709                   +0 4688   4688 	cmp	A,0x9
00000CA9  DB33                   +0 4689   4689 	j	ge,L290
                                 +0 4690   4690 	line "",2038,33,0
00000CAB  C203                   +0 4691   4691 	set	(_P3DR).2
                                 +0 4692   4692 	line "",2039,48,0
00000CAD  0C00                 R +0 4693   4693 	ld	A,(_R_scankey_ph)
00000CAF  1900                   +0 4694   4694 	ld	W,0x0
00000CB1  E8F0                   +0 4695   4695 	shlca	WA
00000CB3  E84A                   +0 4696   4696 	ld	DE,WA
00000CB5  EA690000             R +0 4697   4697 	add	DE,_SCTAB
00000CB9  E248                   +0 4698   4698 	ld	WA,(DE)
00000CBB  50                     +0 4699   4699 	push	WA
                                 +0 4700   4700 	symbol_a "",51,2,0
00000CBC  FD0000               R +0 4701   4701 	cal	_Panel_send
00000CBF  D2                     +0 4702   4702 	pop	DE
                                 +0 4703   4703 	symbol_a "",51,0,0
                                 +0 4704   4704 	line "",2041,54,0
00000CC0  E00048               R +0 4705   4705 	ld	WA,(_R_sckeycode)
00000CC3  E9F5                   +0 4706   4706 	shrc	W
00000CC5  E8F7                   +0 4707   4707 	rorc	A
00000CC7  E86CFF7F               +0 4708   4708 	and	WA,0x7fff
00000CCB  F00068               R +0 4709   4709 	ld	(_R_sckeycode),WA
                                 +0 4710   4710 	line "",2042,34,0
00000CCE  5A03                   +0 4711   4711 	test	(_P3DR).2
00000CD0  89                     +0 4712   4712 	j	t,L291
                                 +0 4713   4713 	line "",2043,46,0
00000CD1  E00048               R +0 4714   4714 	ld	WA,(_R_sckeycode)
00000CD4  E86E0080               +0 4715   4715 	or	WA,0x8000
00000CD8  F00068               R +0 4716   4716 	ld	(_R_sckeycode),WA
00000CDB                         +0 4717   4717 L291:
                                 +0 4718   4718 	line "",2045,31,0
00000CDB  E000F0               R +0 4719   4719 	inc	(_R_scankey_ph)
00000CDE                         +0 4720   4720 L290:
                                 +0 4721   4721 	line "",2047,1,0
00000CDE  FA                     +0 4722   4722 	ret
                                 +0 4723   4723 	symbol_b "Scankeysub",2,2047,1
                                 +0 4724   4724 	symbol_t 293,Z,"",196,1,"",-1,0
                                 +0 4725   4725 	symbol_t 294,O,293,1
                                 +0 4726   4726 	symbol_t 295,Z,"",196,1,"",9,0
                                 +0 4727   4727 	symbol_t 296,O,295,1
                                 +0 4728   4728 n_const section romdata medium align=1,1
                                 +0 4729   4729 	symbol_a "SCTAB",3,0,0
0000008C                         +0 4730   4730 _SCTAB:
0000008C  FEFFFDFFFBFFF7FFEFFF   +0 4731   4731 	dw 65534,65533,65531,65527,65519,65503,65471,65407
          DFFFBFFF7FFF                          
0000009C                         +0 4732   4732 	align 1
0000009C  FFFE                   +0 4733   4733 	dw 65279
                                 +0 4734   4734 	symbol_b "Scphpr",5,0,1
                                 +0 4735   4735 	symbol_t 297,xc,"Scphpr",1,0
                                 +0 4736   4736 	symbol_n "Scphpr",297,4,1
                                 +0 4737   4737 n_code section code medium align=1,1
                                 +0 4738   4738 	symbol_a "Scphpr",8,0,0
                                 +0 4739   4739 	line "",2056,1,0
                                 +0 4740   4740 	public _Scphpr
00000CDF                         +0 4741   4741 _Scphpr:
                                 +0 4742   4742 	symbol_n "temp",7,1,1
                                 +0 4743   4743 	symbol_a "Scphpr",6,0,0
                                 +0 4744   4744 	symbol_a "temp",2,8,1
                                 +0 4745   4745 	symbol_a "temp",7,1,1
                                 +0 4746   4746 	symbol_a "Scphpr",0,0,0
                                 +0 4747   4747 n_const section romdata medium align=1,1
0000009E                         +0 4748   4748 S50002:
0000009E  0000                   +0 4749   4749 	dw	L293-L50025
000000A0  0E00                   +0 4750   4750 	dw	L296-L50025
000000A2  1B00                   +0 4751   4751 	dw	L298-L50025
000000A4  3100                   +0 4752   4752 	dw	L300-L50025
                                 +0 4753   4753 	symbol_b "Scphpr",6,0,1
                                 +0 4754   4754 n_code section code medium align=1,1
                                 +0 4755   4755 	symbol_b "Scphpr",1,2056,1
                                 +0 4756   4756 	symbol_a "",9,1,8
                                 +0 4757   4757 	symbol_a "",51,0,0
                                 +0 4758   4758 	line "",2059,21,0
                                 +0 4759   4759 	symbol_a "",9,0,8
00000CDF  FD0000               R +0 4760   4760 	cal	_Scankeysub
                                 +0 4761   4761 	symbol_a "",9,1,8
00000CE2  0C00                 R +0 4762   4762 	ld	A,(_R_scandisp_ph)
00000CE4  1900                   +0 4763   4763 	ld	W,0x0
                                 +0 4764   4764 	line "",2061,29,0
                                 +0 4765   4765 	symbol_a "",9,0,8
00000CE6  E86F0300               +0 4766   4766 	cmp	WA,0x3
00000CEA  DD53                   +0 4767   4767 	j	gt,L302
00000CEC  E8F0                   +0 4768   4768 	shlca	WA
00000CEE  4C0000               R +0 4769   4769 	ld	IX,S50002
00000CF1  E8A1                   +0 4770   4770 	add	IX,WA
00000CF3  E448                   +0 4771   4771 	ld	WA,(IX)
00000CF5  4C0000               R +0 4772   4772 	ld	IX,L50025
00000CF8  E8A1                   +0 4773   4773 	add	IX,WA
00000CFA  ECFE                   +0 4774   4774 	j	IX
00000CFC                         +0 4775   4775 L50025:
00000CFC                         +0 4776   4776 L293:
                                 +0 4777   4777 	line "",2064,52,0
00000CFC  0C00                 R +0 4778   4778 	ld	A,(_R_ledstate0)
00000CFE  1900                   +0 4779   4779 	ld	W,0x0
                                 +0 4780   4780 	symbol_a "",9,1,8
00000D00  E86E00E8               +0 4781   4781 	or	WA,0xe800
                                 +0 4782   4782 	line "",2065,40,0
00000D04  5A00                 R +0 4783   4783 	test	(_FLAG2).2
00000D06  DF1A                   +0 4784   4784 	j	f,L50024
                                 +0 4785   4785 	line "",2066,47,0
00000D08  FC1A                   +0 4786   4786 	j	L299
                                 +0 4787   4787 	symbol_a "",9,0,8
00000D0A                         +0 4788   4788 L296:
                                 +0 4789   4789 	line "",2072,52,0
00000D0A  0C00                 R +0 4790   4790 	ld	A,(_R_ledstate1)
00000D0C  1900                   +0 4791   4791 	ld	W,0x0
                                 +0 4792   4792 	symbol_a "",9,1,8
00000D0E  E86E00D8               +0 4793   4793 	or	WA,0xd800
                                 +0 4794   4794 	line "",2073,40,0
00000D12  5A00                 R +0 4795   4795 	test	(_FLAG2).2
00000D14  AC                     +0 4796   4796 	j	f,L50024
                                 +0 4797   4797 	line "",2074,47,0
00000D15  FC0D                   +0 4798   4798 	j	L299
                                 +0 4799   4799 	symbol_a "",9,0,8
00000D17                         +0 4800   4800 L298:
                                 +0 4801   4801 	line "",2080,52,0
00000D17  0C00                 R +0 4802   4802 	ld	A,(_R_ledstate2)
00000D19  1900                   +0 4803   4803 	ld	W,0x0
                                 +0 4804   4804 	symbol_a "",9,1,8
00000D1B  E86E00B8               +0 4805   4805 	or	WA,0xb800
                                 +0 4806   4806 	line "",2081,40,0
00000D1F  5A00                 R +0 4807   4807 	test	(_FLAG2).2
00000D21  81                     +0 4808   4808 	j	t,L299
00000D22                         +0 4809   4809 L50024:
                                 +0 4810   4810 	line "",2082,47,0
                                 +0 4811   4811 	symbol_a "",9,1,0
00000D22  E9CB                   +0 4812   4812 	clr	W.3
00000D24                         +0 4813   4813 L299:
                                 +0 4814   4814 	line "",2084,41,0
00000D24  50                     +0 4815   4815 	push	WA
                                 +0 4816   4816 	symbol_a "",51,2,0
                                 +0 4817   4817 	symbol_a "",9,0,8
                                 +0 4818   4818 	symbol_a "",9,0,0
00000D25  FD0000               R +0 4819   4819 	cal	_Panel_send
00000D28  D2                     +0 4820   4820 	pop	DE
                                 +0 4821   4821 	symbol_a "",51,0,0
                                 +0 4822   4822 	line "",2085,40,0
00000D29  E000F0               R +0 4823   4823 	inc	(_R_scandisp_ph)
                                 +0 4824   4824 	line "",2086,30,0
00000D2C  FA                     +0 4825   4825 	ret
                                 +0 4826   4826 	symbol_a "",9,1,8
00000D2D                         +0 4827   4827 L300:
                                 +0 4828   4828 	line "",2088,52,0
00000D2D  0C00                 R +0 4829   4829 	ld	A,(_R_ledstate3)
00000D2F  1900                   +0 4830   4830 	ld	W,0x0
                                 +0 4831   4831 	symbol_a "",9,0,8
00000D31  E86E0078               +0 4832   4832 	or	WA,0x7800
                                 +0 4833   4833 	line "",2089,40,0
00000D35  5A00                 R +0 4834   4834 	test	(_FLAG2).2
00000D37  81                     +0 4835   4835 	j	t,L301
                                 +0 4836   4836 	line "",2090,47,0
                                 +0 4837   4837 	symbol_a "",9,1,8
                                 +0 4838   4838 	symbol_a "",9,1,0
00000D38  E9CB                   +0 4839   4839 	clr	W.3
00000D3A                         +0 4840   4840 L301:
                                 +0 4841   4841 	line "",2092,41,0
00000D3A  50                     +0 4842   4842 	push	WA
                                 +0 4843   4843 	symbol_a "",51,2,0
                                 +0 4844   4844 	symbol_a "",9,0,8
                                 +0 4845   4845 	symbol_a "",9,0,0
00000D3B  FD0000               R +0 4846   4846 	cal	_Panel_send
00000D3E  D2                     +0 4847   4847 	pop	DE
                                 +0 4848   4848 	symbol_a "",51,0,0
00000D3F                         +0 4849   4849 L302:
                                 +0 4850   4850 	line "",2094,42,0
00000D3F  0A0000               R +0 4851   4851 	ld	(_R_scandisp_ph),0x0
                                 +0 4852   4852 	line "",2098,1,0
00000D42  FA                     +0 4853   4853 	ret
                                 +0 4854   4854 	symbol_b "Scphpr",2,2098,1
                                 +0 4855   4855 	symbol_b "INT_INTTC3MP",5,0,1
                                 +0 4856   4856 	symbol_t 298,xi,"INT_INTTC3MP",1,0
                                 +0 4857   4857 	symbol_n "INT_INTTC3MP",298,4,1
                                 +0 4858   4858 	symbol_a "INT_INTTC3MP",8,0,0
                                 +0 4859   4859 	line "",2107,1,0
                                 +0 4860   4860 	public _INT_INTTC3MP
00000D43                         +0 4861   4861 _INT_INTTC3MP:
                                 +0 4862   4862 	symbol_a "INT_INTTC3MP",6,0,0
                                 +0 4863   4863 	symbol_a "INT_INTTC3MP",0,0,0
                                 +0 4864   4864 	symbol_b "INT_INTTC3MP",6,0,1
                                 +0 4865   4865 	symbol_b "INT_INTTC3MP",1,2107,1
                                 +0 4866   4866 	symbol_a "",51,0,0
                                 +0 4867   4867 	symbol_a "",51,-1,0
                                 +0 4868   4868 	line "",2108,1,0
00000D43  FB                     +0 4869   4869 	reti
                                 +0 4870   4870 	symbol_a "",51,0,0
                                 +0 4871   4871 	symbol_b "INT_INTTC3MP",2,2108,1
                                 +0 4872   4872 	symbol_b "INT_INTTC1MP",5,0,1
                                 +0 4873   4873 	symbol_t 299,xi,"INT_INTTC1MP",1,0
                                 +0 4874   4874 	symbol_n "INT_INTTC1MP",299,4,1
                                 +0 4875   4875 	symbol_a "INT_INTTC1MP",8,0,0
                                 +0 4876   4876 	line "",2111,1,0
                                 +0 4877   4877 	public _INT_INTTC1MP
00000D44                         +0 4878   4878 _INT_INTTC1MP:
                                 +0 4879   4879 	symbol_a "INT_INTTC1MP",6,0,0
                                 +0 4880   4880 	symbol_a "INT_INTTC1MP",0,0,0
                                 +0 4881   4881 	symbol_b "INT_INTTC1MP",6,0,1
                                 +0 4882   4882 	symbol_b "INT_INTTC1MP",1,2111,1
00000D44  EDD8                   +0 4883   4883 	push	IY
00000D46  ECD8                   +0 4884   4884 	push	IX
00000D48  53                     +0 4885   4885 	push	HL
00000D49  52                     +0 4886   4886 	push	DE
00000D4A  51                     +0 4887   4887 	push	BC
00000D4B  50                     +0 4888   4888 	push	WA
                                 +0 4889   4889 	symbol_a "",51,0,0
                                 +0 4890   4890 	line "",2112,32,0
00000D4C  E000F0               R +0 4891   4891 	inc	(_R_onecounter)
00000D4F  0C00                 R +0 4892   4892 	ld	A,(_R_onecounter)
00000D51  6732                   +0 4893   4893 	cmp	A,0x32
00000D53  DC05                   +0 4894   4894 	j	le,L303
                                 +0 4895   4895 	line "",2114,33,0
00000D55  0A0000               R +0 4896   4896 	ld	(_R_onecounter),0x0
                                 +0 4897   4897 	line "",2115,29,0
00000D58  C200                 R +0 4898   4898 	set	(_FLAG0).2
00000D5A                         +0 4899   4899 L303:
                                 +0 4900   4900 	line "",2118,31,0
00000D5A  E000F0               R +0 4901   4901 	inc	(_R_timer50ms)
00000D5D  0C00                 R +0 4902   4902 	ld	A,(_R_timer50ms)
00000D5F  670A                   +0 4903   4903 	cmp	A,0xa
00000D61  DC1B                   +0 4904   4904 	j	le,L304
                                 +0 4905   4905 	line "",2120,32,0
00000D63  0A0000               R +0 4906   4906 	ld	(_R_timer50ms),0x0
                                 +0 4907   4907 	line "",2121,30,0
00000D66  E000F0               R +0 4908   4908 	inc	(_R_srphtimer)
                                 +0 4909   4909 	line "",2123,36,0
00000D69  070000               R +0 4910   4910 	cmp	(_R_buztimer),0x0
00000D6C  86                     +0 4911   4911 	j	t,L305
                                 +0 4912   4912 	line "",2125,37,0
00000D6D  E000F8               R +0 4913   4913 	dec	(_R_buztimer)
                                 +0 4914   4914 	line "",2126,38,0
00000D70  C31B                   +0 4915   4915 	set	(_TC4CR).3
00000D72  FC04                   +0 4916   4916 	j	L306
00000D74                         +0 4917   4917 L305:
                                 +0 4918   4918 	line "",2130,38,0
00000D74  CB1B                   +0 4919   4919 	clr	(_TC4CR).3
                                 +0 4920   4920 	line "",2131,37,0
00000D76  C71B                   +0 4921   4921 	set	(_TC4CR).7
00000D78                         +0 4922   4922 L306:
                                 +0 4923   4923 	line "",2134,33,0
00000D78  E000F0               R +0 4924   4924 	inc	(_R_radiosrtimer)
                                 +0 4925   4925 	line "",2136,34,0
00000D7B  E000F0               R +0 4926   4926 	inc	(_R_continuekeytm)
00000D7E                         +0 4927   4927 L304:
                                 +0 4928   4928 	line "",2139,40,0
00000D7E  E000F0               R +0 4929   4929 	inc	(_R_timer20ms)
00000D81  0C00                 R +0 4930   4930 	ld	A,(_R_timer20ms)
00000D83  E858                   +0 4931   4931 	test	A.0
00000D85  A9                     +0 4932   4932 	j	f,L307
                                 +0 4933   4933 	line "",2141,34,0
00000D86  E000F0               R +0 4934   4934 	inc	(_R_memflashtimer)
                                 +0 4935   4935 	line "",2142,38,0
00000D89  070000               R +0 4936   4936 	cmp	(_R_volumtimer),0x0
00000D8C  82                     +0 4937   4937 	j	t,L307
                                 +0 4938   4938 	line "",2143,39,0
00000D8D  E000F8               R +0 4939   4939 	dec	(_R_volumtimer)
00000D90                         +0 4940   4940 L307:
                                 +0 4941   4941 	line "",2146,17,0
00000D90  FD0000               R +0 4942   4942 	cal	_Scphpr
                                 +0 4943   4943 	symbol_a "",51,-1,0
                                 +0 4944   4944 	line "",2148,1,0
00000D93  D0                     +0 4945   4945 	pop	WA
00000D94  D1                     +0 4946   4946 	pop	BC
00000D95  D2                     +0 4947   4947 	pop	DE
00000D96  D3                     +0 4948   4948 	pop	HL
00000D97  ECD9                   +0 4949   4949 	pop	IX
00000D99  EDD9                   +0 4950   4950 	pop	IY
00000D9B  FB                     +0 4951   4951 	reti
                                 +0 4952   4952 	symbol_a "",51,0,0
                                 +0 4953   4953 	symbol_b "INT_INTTC1MP",2,2148,1
                                 +0 4954   4954 	symbol_b "INT_INTTBTMP",5,0,1
                                 +0 4955   4955 	symbol_t 300,xi,"INT_INTTBTMP",1,0
                                 +0 4956   4956 	symbol_n "INT_INTTBTMP",300,4,1
                                 +0 4957   4957 	symbol_a "INT_INTTBTMP",8,0,0
                                 +0 4958   4958 	line "",2151,1,0
                                 +0 4959   4959 	public _INT_INTTBTMP
00000D9C                         +0 4960   4960 _INT_INTTBTMP:
                                 +0 4961   4961 	symbol_a "INT_INTTBTMP",6,0,0
                                 +0 4962   4962 	symbol_a "INT_INTTBTMP",0,0,0
                                 +0 4963   4963 	symbol_b "INT_INTTBTMP",6,0,1
                                 +0 4964   4964 	symbol_b "INT_INTTBTMP",1,2151,1
                                 +0 4965   4965 	symbol_a "",51,0,0
                                 +0 4966   4966 	symbol_a "",51,-1,0
                                 +0 4967   4967 	line "",2153,1,0
00000D9C  FB                     +0 4968   4968 	reti
                                 +0 4969   4969 	symbol_a "",51,0,0
                                 +0 4970   4970 	symbol_b "INT_INTTBTMP",2,2153,1
                                 +0 4971   4971 	symbol_b "INT_INT1MP",5,0,1
                                 +0 4972   4972 	symbol_t 301,xi,"INT_INT1MP",1,0
                                 +0 4973   4973 	symbol_n "INT_INT1MP",301,4,1
                                 +0 4974   4974 	symbol_a "INT_INT1MP",8,0,0
                                 +0 4975   4975 	line "",2156,1,0
                                 +0 4976   4976 	public _INT_INT1MP
00000D9D                         +0 4977   4977 _INT_INT1MP:
                                 +0 4978   4978 	symbol_a "INT_INT1MP",6,0,0
                                 +0 4979   4979 	symbol_a "INT_INT1MP",0,0,0
                                 +0 4980   4980 	symbol_b "INT_INT1MP",6,0,1
                                 +0 4981   4981 	symbol_b "INT_INT1MP",1,2156,1
                                 +0 4982   4982 	symbol_a "",51,0,0
                                 +0 4983   4983 	symbol_a "",51,-1,0
                                 +0 4984   4984 	line "",2158,1,0
00000D9D  FB                     +0 4985   4985 	reti
                                 +0 4986   4986 	symbol_a "",51,0,0
                                 +0 4987   4987 	symbol_b "INT_INT1MP",2,2158,1
                                 +0 4988   4988 	symbol_b "INT_INT0MP",5,0,1
                                 +0 4989   4989 	symbol_t 302,xi,"INT_INT0MP",1,0
                                 +0 4990   4990 	symbol_n "INT_INT0MP",302,4,1
                                 +0 4991   4991 	symbol_a "INT_INT0MP",8,0,0
                                 +0 4992   4992 	line "",2161,1,0
                                 +0 4993   4993 	public _INT_INT0MP
00000D9E                         +0 4994   4994 _INT_INT0MP:
                                 +0 4995   4995 	symbol_a "INT_INT0MP",6,0,0
                                 +0 4996   4996 	symbol_a "INT_INT0MP",0,0,0
                                 +0 4997   4997 	symbol_b "INT_INT0MP",6,0,1
                                 +0 4998   4998 	symbol_b "INT_INT0MP",1,2161,1
                                 +0 4999   4999 	symbol_a "",51,0,0
                                 +0 5000   5000 	symbol_a "",51,-1,0
                                 +0 5001   5001 	line "",2162,1,0
00000D9E  FB                     +0 5002   5002 	reti
                                 +0 5003   5003 	symbol_a "",51,0,0
                                 +0 5004   5004 	symbol_b "INT_INT0MP",2,2162,1
                                 +0 5005   5005 	symbol_b "INT_Dummy",5,0,1
                                 +0 5006   5006 	symbol_t 303,xi,"INT_Dummy",1,0
                                 +0 5007   5007 	symbol_n "INT_Dummy",303,4,1
                                 +0 5008   5008 	symbol_a "INT_Dummy",8,0,0
                                 +0 5009   5009 	line "",2165,1,0
                                 +0 5010   5010 	public _INT_Dummy
00000D9F                         +0 5011   5011 _INT_Dummy:
                                 +0 5012   5012 	symbol_a "INT_Dummy",6,0,0
                                 +0 5013   5013 	symbol_a "INT_Dummy",0,0,0
                                 +0 5014   5014 	symbol_b "INT_Dummy",6,0,1
                                 +0 5015   5015 	symbol_b "INT_Dummy",1,2165,1
                                 +0 5016   5016 	symbol_a "",51,0,0
                                 +0 5017   5017 	symbol_a "",51,-1,0
                                 +0 5018   5018 	line "",2166,1,0
00000D9F  FB                     +0 5019   5019 	reti
                                 +0 5020   5020 	symbol_a "",51,0,0
                                 +0 5021   5021 	symbol_b "INT_Dummy",2,2166,1
                                 +0 5022   5022 	symbol_b "INT_Dummyn",5,0,1
                                 +0 5023   5023 	symbol_t 304,xi,"INT_Dummyn",1,0
                                 +0 5024   5024 	symbol_n "INT_Dummyn",304,4,1
                                 +0 5025   5025 	symbol_a "INT_Dummyn",8,0,0
                                 +0 5026   5026 	line "",2169,1,0
                                 +0 5027   5027 	public _INT_Dummyn
00000DA0                         +0 5028   5028 _INT_Dummyn:
                                 +0 5029   5029 	symbol_a "INT_Dummyn",6,0,0
                                 +0 5030   5030 	symbol_a "INT_Dummyn",0,0,0
                                 +0 5031   5031 	symbol_b "INT_Dummyn",6,0,1
                                 +0 5032   5032 	symbol_b "INT_Dummyn",1,2169,1
00000DA0  EDD8                   +0 5033   5033 	push	IY
00000DA2  ECD8                   +0 5034   5034 	push	IX
00000DA4  53                     +0 5035   5035 	push	HL
00000DA5  52                     +0 5036   5036 	push	DE
00000DA6  51                     +0 5037   5037 	push	BC
00000DA7  50                     +0 5038   5038 	push	WA
                                 +0 5039   5039 	symbol_a "",51,0,0
                                 +0 5040   5040 	line "",2170,22,0
00000DA8  E8FB                   +0 5041   5041 RETN
                                 +0 5042   5042 	symbol_a "",51,-1,0
                                 +0 5043   5043 	line "",2171,1,0
00000DAA  D0                     +0 5044   5044 	pop	WA
00000DAB  D1                     +0 5045   5045 	pop	BC
00000DAC  D2                     +0 5046   5046 	pop	DE
00000DAD  D3                     +0 5047   5047 	pop	HL
00000DAE  ECD9                   +0 5048   5048 	pop	IX
00000DB0  EDD9                   +0 5049   5049 	pop	IY
00000DB2  FB                     +0 5050   5050 	reti
                                 +0 5051   5051 	symbol_a "",51,0,0
                                 +0 5052   5052 	symbol_b "INT_Dummyn",2,2171,1
                                 +0 5053   5053 INT_Vector	section romdata abs=0xffe0
                                 +0 5054   5054 	symbol_t 305,nc,33,0
                                 +0 5055   5055 	symbol_t 306,O,305,1
                                 +0 5056   5056 	symbol_t 307,Z,"",305,1,"",-1,0
                                 +0 5057   5057 	symbol_t 308,O,307,1
                                 +0 5058   5058 	symbol_t 309,O,33,1
                                 +0 5059   5059 	symbol_t 310,Z,"",305,1,"",16,0
                                 +0 5060   5060 	symbol_t 311,O,310,1
                                 +0 5061   5061 	symbol_n "TBL_INT",310,4,0
                                 +0 5062   5062 	symbol_a "TBL_INT",8,0,0
                                 +0 5063   5063 	public _TBL_INT
0000FFE0                         +0 5064   5064 _TBL_INT:
0000FFE0  00000000000000000000 R +0 5065   5065 	dw _INT_Dummy,_INT_Dummy,_INT_Dummy,_INT_Dummy,_INT_Dummy,_INT_INTTC3MP,_INT_Dummy,_INT_Dummy
          000000000000                          
0000FFF0                         +0 5066   5066 	align 1
0000FFF0  00000000000000000000 R +0 5067   5067 	dw _INT_INTTC1MP,_INT_INTTBTMP,_INT_INT1MP,_INT_INT0MP,_INT_Dummyn,_INT_Dummyn,_INT_Dummyn,_startup
          000000000000                          
                                 +0 5068   5068 t_area section data small align=1,1
                                 +0 5069   5069 	symbol_a "FLAG0",8,0,0
                                 +0 5070   5070 	public _FLAG0
00000000                         +0 5071   5071 _FLAG0:
00000000                         +0 5072   5072 	dsb 1
                                 +0 5073   5073 	symbol_a "FLAG1",8,0,0
                                 +0 5074   5074 	public _FLAG1
00000001                         +0 5075   5075 _FLAG1:
00000001                         +0 5076   5076 	dsb 1
                                 +0 5077   5077 	symbol_a "FLAG2",8,0,0
                                 +0 5078   5078 	public _FLAG2
00000002                         +0 5079   5079 _FLAG2:
00000002                         +0 5080   5080 	dsb 1
                                 +0 5081   5081 	symbol_a "FLAG3",8,0,0
                                 +0 5082   5082 	public _FLAG3
00000003                         +0 5083   5083 _FLAG3:
00000003                         +0 5084   5084 	dsb 1
                                 +0 5085   5085 	symbol_a "FLAG4",8,0,0
                                 +0 5086   5086 	public _FLAG4
00000004                         +0 5087   5087 _FLAG4:
00000004                         +0 5088   5088 	dsb 1
                                 +0 5089   5089 	symbol_a "FLAG5",8,0,0
                                 +0 5090   5090 	public _FLAG5
00000005                         +0 5091   5091 _FLAG5:
00000005                         +0 5092   5092 	dsb 1
                                 +0 5093   5093 	symbol_a "FLAG6",8,0,0
                                 +0 5094   5094 	public _FLAG6
00000006                         +0 5095   5095 _FLAG6:
00000006                         +0 5096   5096 	dsb 1
                                 +0 5097   5097 	symbol_a "ERROCODE",8,0,0
                                 +0 5098   5098 	public _ERROCODE
00000007                         +0 5099   5099 _ERROCODE:
00000007                         +0 5100   5100 	dsb 1
                                 +0 5101   5101 	symbol_a "FLAGX",8,0,0
                                 +0 5102   5102 	public _FLAGX
00000008                         +0 5103   5103 _FLAGX:
00000008                         +0 5104   5104 	dsb 1
                                 +0 5105   5105 	symbol_a "FLAGY",8,0,0
                                 +0 5106   5106 	public _FLAGY
00000009                         +0 5107   5107 _FLAGY:
00000009                         +0 5108   5108 	dsb 1
                                 +0 5109   5109 	symbol_a "FLAGI",8,0,0
                                 +0 5110   5110 	public _FLAGI
0000000A                         +0 5111   5111 _FLAGI:
0000000A                         +0 5112   5112 	dsb 1
                                 +0 5113   5113 	symbol_a "R_keycodenew",8,0,0
                                 +0 5114   5114 	public _R_keycodenew
0000000B                         +0 5115   5115 _R_keycodenew:
0000000B                         +0 5116   5116 	dsb 1
                                 +0 5117   5117 	symbol_a "R_keycodeold",8,0,0
                                 +0 5118   5118 	public _R_keycodeold
0000000C                         +0 5119   5119 _R_keycodeold:
0000000C                         +0 5120   5120 	dsb 1
                                 +0 5121   5121 	symbol_a "R_keycode_exec",8,0,0
                                 +0 5122   5122 	public _R_keycode_exec
0000000D                         +0 5123   5123 _R_keycode_exec:
0000000D                         +0 5124   5124 	dsb 1
                                 +0 5125   5125 	symbol_a "R_scankey_ph",8,0,0
                                 +0 5126   5126 	public _R_scankey_ph
0000000E                         +0 5127   5127 _R_scankey_ph:
0000000E                         +0 5128   5128 	dsb 1
                                 +0 5129   5129 	symbol_a "R_scandisp_ph",8,0,0
                                 +0 5130   5130 	public _R_scandisp_ph
0000000F                         +0 5131   5131 _R_scandisp_ph:
0000000F                         +0 5132   5132 	dsb 1
                                 +0 5133   5133 	symbol_a "R_sckeycode",8,0,0
                                 +0 5134   5134 	public _R_sckeycode
00000010                         +0 5135   5135 _R_sckeycode:
00000010                         +0 5136   5136 	dsb 2
                                 +0 5137   5137 	symbol_a "R_continuekeytm",8,0,0
                                 +0 5138   5138 	public _R_continuekeytm
00000012                         +0 5139   5139 _R_continuekeytm:
00000012                         +0 5140   5140 	dsb 1
                                 +0 5141   5141 	symbol_a "R_ledstate0",8,0,0
                                 +0 5142   5142 	public _R_ledstate0
00000013                         +0 5143   5143 _R_ledstate0:
00000013                         +0 5144   5144 	dsb 1
                                 +0 5145   5145 	symbol_a "R_ledstate1",8,0,0
                                 +0 5146   5146 	public _R_ledstate1
00000014                         +0 5147   5147 _R_ledstate1:
00000014                         +0 5148   5148 	dsb 1
                                 +0 5149   5149 	symbol_a "R_ledstate2",8,0,0
                                 +0 5150   5150 	public _R_ledstate2
00000015                         +0 5151   5151 _R_ledstate2:
00000015                         +0 5152   5152 	dsb 1
                                 +0 5153   5153 	symbol_a "R_ledstate3",8,0,0
                                 +0 5154   5154 	public _R_ledstate3
00000016                         +0 5155   5155 _R_ledstate3:
00000016                         +0 5156   5156 	dsb 1
                                 +0 5157   5157 	symbol_a "R_keylight_cnt",8,0,0
                                 +0 5158   5158 	public _R_keylight_cnt
00000017                         +0 5159   5159 _R_keylight_cnt:
00000017                         +0 5160   5160 	dsb 1
                                 +0 5161   5161 	symbol_a "R_buztimer",8,0,0
                                 +0 5162   5162 	public _R_buztimer
00000018                         +0 5163   5163 _R_buztimer:
00000018                         +0 5164   5164 	dsb 1
                                 +0 5165   5165 	symbol_a "R_presetcounter",8,0,0
                                 +0 5166   5166 	public _R_presetcounter
00000019                         +0 5167   5167 _R_presetcounter:
00000019                         +0 5168   5168 	dsb 1
                                 +0 5169   5169 	symbol_a "R_aniontimer",8,0,0
                                 +0 5170   5170 	public _R_aniontimer
0000001A                         +0 5171   5171 _R_aniontimer:
0000001A                         +0 5172   5172 	dsb 2
                                 +0 5173   5173 	symbol_a "R_onecounter",8,0,0
                                 +0 5174   5174 	public _R_onecounter
0000001C                         +0 5175   5175 _R_onecounter:
0000001C                         +0 5176   5176 	dsb 1
                                 +0 5177   5177 	symbol_a "R_radiostate",8,0,0
                                 +0 5178   5178 	public _R_radiostate
0000001D                         +0 5179   5179 _R_radiostate:
0000001D                         +0 5180   5180 	dsb 1
                                 +0 5181   5181 	symbol_a "R_radiosrtimer",8,0,0
                                 +0 5182   5182 	public _R_radiosrtimer
0000001E                         +0 5183   5183 _R_radiosrtimer:
0000001E                         +0 5184   5184 	dsb 1
                                 +0 5185   5185 	symbol_a "R_radiomute",8,0,0
                                 +0 5186   5186 	public _R_radiomute
0000001F                         +0 5187   5187 _R_radiomute:
0000001F                         +0 5188   5188 	dsb 1
                                 +0 5189   5189 	symbol_a "R_radiosafetimer",8,0,0
                                 +0 5190   5190 	public _R_radiosafetimer
00000020                         +0 5191   5191 _R_radiosafetimer:
00000020                         +0 5192   5192 	dsb 1
                                 +0 5193   5193 	symbol_a "R_radiowritebuff",8,0,0
                                 +0 5194   5194 	public _R_radiowritebuff
00000021                         +0 5195   5195 _R_radiowritebuff:
00000021                         +0 5196   5196 	dsb 4
                                 +0 5197   5197 	symbol_a "R_radioreadbuff",8,0,0
                                 +0 5198   5198 	public _R_radioreadbuff
00000025                         +0 5199   5199 _R_radioreadbuff:
00000025                         +0 5200   5200 	dsb 4
                                 +0 5201   5201 	symbol_a "R_srph",8,0,0
                                 +0 5202   5202 	public _R_srph
00000029                         +0 5203   5203 _R_srph:
00000029                         +0 5204   5204 	dsb 1
                                 +0 5205   5205 	symbol_a "R_srphtimer",8,0,0
                                 +0 5206   5206 	public _R_srphtimer
0000002A                         +0 5207   5207 _R_srphtimer:
0000002A                         +0 5208   5208 	dsb 1
                                 +0 5209   5209 	symbol_a "R_waterlevelcounter",8,0,0
                                 +0 5210   5210 	public _R_waterlevelcounter
0000002B                         +0 5211   5211 _R_waterlevelcounter:
0000002B                         +0 5212   5212 	dsb 1
                                 +0 5213   5213 	symbol_a "R_curfrequency",8,0,0
                                 +0 5214   5214 	public _R_curfrequency
0000002C                         +0 5215   5215 _R_curfrequency:
0000002C                         +0 5216   5216 	dsb 2
                                 +0 5217   5217 	symbol_a "R_curfrequencys",8,0,0
                                 +0 5218   5218 	public _R_curfrequencys
0000002E                         +0 5219   5219 _R_curfrequencys:
0000002E                         +0 5220   5220 	dsb 2
                                 +0 5221   5221 	symbol_a "R_volum",8,0,0
                                 +0 5222   5222 	public _R_volum
00000030                         +0 5223   5223 _R_volum:
00000030                         +0 5224   5224 	dsb 1
                                 +0 5225   5225 	symbol_a "R_volum0",8,0,0
                                 +0 5226   5226 	public _R_volum0
00000031                         +0 5227   5227 _R_volum0:
00000031                         +0 5228   5228 	dsb 1
                                 +0 5229   5229 	symbol_a "R_memstation",8,0,0
                                 +0 5230   5230 	public _R_memstation
00000032                         +0 5231   5231 _R_memstation:
00000032                         +0 5232   5232 	dsb 1
                                 +0 5233   5233 	symbol_a "R_memstation1",8,0,0
                                 +0 5234   5234 	public _R_memstation1
00000033                         +0 5235   5235 _R_memstation1:
00000033                         +0 5236   5236 	dsb 1
                                 +0 5237   5237 	symbol_a "R_memstation2",8,0,0
                                 +0 5238   5238 	public _R_memstation2
00000034                         +0 5239   5239 _R_memstation2:
00000034                         +0 5240   5240 	dsb 1
                                 +0 5241   5241 	symbol_a "R_memstatetimer",8,0,0
                                 +0 5242   5242 	public _R_memstatetimer
00000035                         +0 5243   5243 _R_memstatetimer:
00000035                         +0 5244   5244 	dsb 1
                                 +0 5245   5245 	symbol_a "R_memflashtimer",8,0,0
                                 +0 5246   5246 	public _R_memflashtimer
00000036                         +0 5247   5247 _R_memflashtimer:
00000036                         +0 5248   5248 	dsb 1
                                 +0 5249   5249 	symbol_a "R_audiostate",8,0,0
                                 +0 5250   5250 	public _R_audiostate
00000037                         +0 5251   5251 _R_audiostate:
00000037                         +0 5252   5252 	dsb 1
                                 +0 5253   5253 	symbol_a "R_dispcounter",8,0,0
                                 +0 5254   5254 	public _R_dispcounter
00000038                         +0 5255   5255 _R_dispcounter:
00000038                         +0 5256   5256 	dsb 1
                                 +0 5257   5257 	symbol_a "R_displayph",8,0,0
                                 +0 5258   5258 	public _R_displayph
00000039                         +0 5259   5259 _R_displayph:
00000039                         +0 5260   5260 	dsb 1
                                 +0 5261   5261 	symbol_a "R_controltype",8,0,0
                                 +0 5262   5262 	public _R_controltype
0000003A                         +0 5263   5263 _R_controltype:
0000003A                         +0 5264   5264 	dsb 1
                                 +0 5265   5265 	symbol_a "R_volumtimer",8,0,0
                                 +0 5266   5266 	public _R_volumtimer
0000003B                         +0 5267   5267 _R_volumtimer:
0000003B                         +0 5268   5268 	dsb 1
                                 +0 5269   5269 	symbol_a "R_resettimer",8,0,0
                                 +0 5270   5270 	public _R_resettimer
0000003C                         +0 5271   5271 _R_resettimer:
0000003C                         +0 5272   5272 	dsb 1
                                 +0 5273   5273 	symbol_a "R_clrbuff",8,0,0
                                 +0 5274   5274 	public _R_clrbuff
0000003D                         +0 5275   5275 _R_clrbuff:
0000003D                         +0 5276   5276 	dsb 1
                                 +0 5277   5277 	symbol_a "R_timer50ms",8,0,0
                                 +0 5278   5278 	public _R_timer50ms
0000003E                         +0 5279   5279 _R_timer50ms:
0000003E                         +0 5280   5280 	dsb 1
                                 +0 5281   5281 	symbol_a "R_timer20ms",8,0,0
                                 +0 5282   5282 	public _R_timer20ms
0000003F                         +0 5283   5283 _R_timer20ms:
0000003F                         +0 5284   5284 	dsb 1
                                 +0 5285   5285 	symbol_a "R_timer1s",8,0,0
                                 +0 5286   5286 	public _R_timer1s
00000040                         +0 5287   5287 _R_timer1s:
00000040                         +0 5288   5288 	dsb 1
                                 +0 5289   5289 	extern medium _INT_INTTBT,_Buz_Con
                                 +0 5290   5290 	extern small C87C_long0
                                 +0 5291   5291 	extern medium C87C_divis,C87C_muli,C87C_diviu
                                 +0 5292   5292 	end

Assembly complete, No error
TLCS-870/C Relocatable Assembler (32) V1.0b  [Page     2]  1508CP0.lst

Symbol table listing
--------------------

Symbol           Category         Value     Attribute

C87C_divis                        00000000  R EXT       
C87C_diviu                        00000000  R EXT       
C87C_muli                         00000000  R EXT       
DELAY1           C M     LAB      000002A9  R           n_code
INIT_RAM         C M     LAB      00000014  R           n_code
INT_Vector       R       SEC      0000FFE0  A 20        
L100             C M     LAB      0000041E  R           n_code
L103             C M     LAB      00000427  R           n_code
L104             C M     LAB      00000435  R           n_code
L105             C M     LAB      00000437  R           n_code
L106             C M     LAB      00000445  R           n_code
L107             C M     LAB      00000466  R           n_code
L11              C M     LAB      00000085  R           n_code
L112             C M     LAB      0000044B  R           n_code
L113             C M     LAB      00000449  R           n_code
L115             C M     LAB      0000046E  R           n_code
L116             C M     LAB      00000470  R           n_code
L117             C M     LAB      00000488  R           n_code
L119             C M     LAB      0000049B  R           n_code
L12              C M     LAB      00000077  R           n_code
L120             C M     LAB      0000049E  R           n_code
L123             C M     LAB      000004EF  R           n_code
L124             C M     LAB      000004C0  R           n_code
L125             C M     LAB      000004C8  R           n_code
L126             C M     LAB      000004DF  R           n_code
L129             C M     LAB      000004FF  R           n_code
L13              C M     LAB      00000093  R           n_code
L131             C M     LAB      00000501  R           n_code
L132             C M     LAB      0000051E  R           n_code
L133             C M     LAB      00000520  R           n_code
L135             C M     LAB      0000054F  R           n_code
L136             C M     LAB      00000556  R           n_code
L137             C M     LAB      00000558  R           n_code
L139             C M     LAB      00000571  R           n_code
L141             C M     LAB      00000575  R           n_code
L142             C M     LAB      00000586  R           n_code
L143             C M     LAB      00000588  R           n_code
L144             C M     LAB      000005BA  R           n_code
L145             C M     LAB      000006A5  R           n_code
L146             C M     LAB      00000604  R           n_code
L149             C M     LAB      0000063D  R           n_code
L15              C M     LAB      0000009D  R           n_code
L152             C M     LAB      0000066A  R           n_code
L153             C M     LAB      00000667  R           n_code
L154             C M     LAB      00000661  R           n_code
L16              C M     LAB      000000A7  R           n_code
L160             C M     LAB      000006AE  R           n_code
L161             C M     LAB      000006CD  R           n_code
L163             C M     LAB      000006C7  R           n_code
L167             C M     LAB      000006CB  R           n_code
L168             C M     LAB      000006ED  R           n_code
L17              C M     LAB      000000B1  R           n_code
L170             C M     LAB      000006F5  R           n_code
L173             C M     LAB      0000072D  R           n_code
L174             C M     LAB      0000073F  R           n_code
L175             C M     LAB      00000741  R           n_code
L176             C M     LAB      00000773  R           n_code
L178             C M     LAB      00000781  R           n_code
L18              C M     LAB      000000BB  R           n_code
L180             C M     LAB      00000793  R           n_code
L181             C M     LAB      000007A5  R           n_code
L184             C M     LAB      000007A1  R           n_code
L187             C M     LAB      000007BB  R           n_code
L189             C M     LAB      00000814  R           n_code
L19              C M     LAB      000000C5  R           n_code
L191             C M     LAB      0000082D  R           n_code
L194             C M     LAB      0000085A  R           n_code
L196             C M     LAB      00000881  R           n_code
L199             C M     LAB      00000884  R           n_code
L2               C M     LAB      0000002A  R           n_code
L20              C M     LAB      0000014A  R           n_code
L200             C M     LAB      00000950  R           n_code
L202             C M     LAB      00000924  R           n_code
L204             C M     LAB      00000929  R           n_code
L205             C M     LAB      0000092E  R           n_code
L206             C M     LAB      00000933  R           n_code
L207             C M     LAB      00000938  R           n_code
L208             C M     LAB      0000093D  R           n_code
L21              C M     LAB      0000014E  R           n_code
L210             C M     LAB      00000948  R           n_code
L211             C M     LAB      00000952  R           n_code
L212             C M     LAB      000009B5  R           n_code
L214             C M     LAB      00000973  R           n_code
L215             C M     LAB      000009B2  R           n_code
L216             C M     LAB      00000978  R           n_code
L217             C M     LAB      0000097D  R           n_code
L218             C M     LAB      00000982  R           n_code
L219             C M     LAB      00000987  R           n_code
L22              C M     LAB      00000158  R           n_code
L220             C M     LAB      0000098C  R           n_code
L221             C M     LAB      00000991  R           n_code
L222             C M     LAB      00000996  R           n_code
L223             C M     LAB      0000099B  R           n_code
L224             C M     LAB      000009A0  R           n_code
L225             C M     LAB      000009A5  R           n_code
L226             C M     LAB      000009AA  R           n_code
L227             C M     LAB      000009AF  R           n_code
L229             C M     LAB      000009C5  R           n_code
L23              C M     LAB      0000015B  R           n_code
L230             C M     LAB      000009D9  R           n_code
L231             C M     LAB      000009FC  R           n_code
L232             C M     LAB      000009F6  R           n_code
L234             C M     LAB      00000A0C  R           n_code
L235             C M     LAB      00000A17  R           n_code
L236             C M     LAB      00000A27  R           n_code
L237             C M     LAB      00000A36  R           n_code
L238             C M     LAB      00000A48  R           n_code
L239             C M     LAB      00000A4A  R           n_code
L24              C M     LAB      00000163  R           n_code
L240             C M     LAB      00000A51  R           n_code
L241             C M     LAB      00000A53  R           n_code
L242             C M     LAB      00000A59  R           n_code
L244             C M     LAB      00000AC3  R           n_code
L245             C M     LAB      00000AC0  R           n_code
L246             C M     LAB      00000A86  R           n_code
L247             C M     LAB      00000A7D  R           n_code
L248             C M     LAB      00000A7F  R           n_code
L25              C M     LAB      00000171  R           n_code
L251             C M     LAB      00000B51  R           n_code
L252             C M     LAB      00000B32  R           n_code
L253             C M     LAB      00000AF3  R           n_code
L254             C M     LAB      00000B2C  R           n_code
L257             C M     LAB      00000B4B  R           n_code
L258             C M     LAB      00000B5F  R           n_code
L259             C M     LAB      00000B62  R           n_code
L260             C M     LAB      00000BA6  R           n_code
L261             C M     LAB      00000B88  R           n_code
L263             C M     LAB      00000B90  R           n_code
L264             C M     LAB      00000BA2  R           n_code
L266             C M     LAB      00000BE0  R           n_code
L267             C M     LAB      00000BC2  R           n_code
L269             C M     LAB      00000BCA  R           n_code
L27              C M     LAB      000001E1  R           n_code
L270             C M     LAB      00000BDC  R           n_code
L272             C M     LAB      00000C06  R           n_code
L273             C M     LAB      00000BFD  R           n_code
L274             C M     LAB      00000BF9  R           n_code
L276             C M     LAB      00000C2C  R           n_code
L277             C M     LAB      00000C23  R           n_code
L278             C M     LAB      00000C1F  R           n_code
L280             C M     LAB      00000C3B  R           n_code
L281             C M     LAB      00000C38  R           n_code
L283             C M     LAB      00000C4A  R           n_code
L284             C M     LAB      00000C47  R           n_code
L287             C M     LAB      00000C82  R           n_code
L288             C M     LAB      00000C8A  R           n_code
L289             C M     LAB      00000C8C  R           n_code
L290             C M     LAB      00000CDE  R           n_code
L291             C M     LAB      00000CDB  R           n_code
L293             C M     LAB      00000CFC  R           n_code
L296             C M     LAB      00000D0A  R           n_code
L298             C M     LAB      00000D17  R           n_code
L299             C M     LAB      00000D24  R           n_code
L300             C M     LAB      00000D2D  R           n_code
L301             C M     LAB      00000D3A  R           n_code
L302             C M     LAB      00000D3F  R           n_code
L303             C M     LAB      00000D5A  R           n_code
L304             C M     LAB      00000D7E  R           n_code
L305             C M     LAB      00000D74  R           n_code
L306             C M     LAB      00000D78  R           n_code
L307             C M     LAB      00000D90  R           n_code
L31              C M     LAB      000001FB  R           n_code
L32              C M     LAB      0000020C  R           n_code
L33              C M     LAB      00000210  R           n_code
L34              C M     LAB      0000025B  R           n_code
L38              C M     LAB      0000026A  R           n_code
L39              C M     LAB      00000271  R           n_code
L40              C M     LAB      00000273  R           n_code
L41              C M     LAB      0000029F  R           n_code
L43              C M     LAB      000002FE  R           n_code
L44              C M     LAB      000002C1  R           n_code
L45              C M     LAB      000002C4  R           n_code
L46              C M     LAB      000002CC  R           n_code
L47              C M     LAB      000002CF  R           n_code
L48              C M     LAB      000002D6  R           n_code
L49              C M     LAB      000002DD  R           n_code
L50              C M     LAB      000002E5  R           n_code
L50000           C M     LAB      000000C8  R           n_code
L50001           C M     LAB      00000372  R           n_code
L50002           C M     LAB      000003C6  R           n_code
L50003           C M     LAB      000003FF  R           n_code
L50004           C M     LAB      0000046A  R           n_code
L50005           C M     LAB      00000517  R           n_code
L50006           C M     LAB      00000512  R           n_code
L50007           C M     LAB      0000068B  R           n_code
L50008           C M     LAB      00000684  R           n_code
L50009           C M     LAB      0000062E  R           n_code
L50010           C M     LAB      00000627  R           n_code
L50011           C M     LAB      000005E9  R           n_code
L50012           C M     LAB      000005E2  R           n_code
L50013           C M     LAB      00000722  R           n_code
L50014           C M     LAB      0000071D  R           n_code
L50015           C M     LAB      00000707  R           n_code
L50016           C M     LAB      00000702  R           n_code
L50017           C M     LAB      0000077D  R           n_code
L50018           C M     LAB      0000080E  R           n_code
L50019           C M     LAB      0000084E  R           n_code
L50020           C M     LAB      000008F8  R           n_code
L50021           C M     LAB      00000940  R           n_code
L50022           C M     LAB      00000924  R           n_code
L50023           C M     LAB      00000973  R           n_code
L50024           C M     LAB      00000D22  R           n_code
L50025           C M     LAB      00000CFC  R           n_code
L53              C M     LAB      0000037E  R           n_code
L54              C M     LAB      0000031C  R           n_code
L55              C M     LAB      00000307  R           n_code
L57              C M     LAB      0000033E  R           n_code
L58              C M     LAB      00000339  R           n_code
L60              C M     LAB      0000037B  R           n_code
L61              C M     LAB      0000034B  R           n_code
L62              C M     LAB      0000035A  R           n_code
L65              C M     LAB      00000378  R           n_code
L66              C M     LAB      00000366  R           n_code
L67              C M     LAB      00000380  R           n_code
L71              C M     LAB      00000375  R           n_code
L72              C M     LAB      0000038D  R           n_code
L75              C M     LAB      000003A9  R           n_code
L76              C M     LAB      000003B0  R           n_code
L77              C M     LAB      000003A5  R           n_code
L80              C M     LAB      000003E6  R           n_code
L81              C M     LAB      000003C0  R           n_code
L82              C M     LAB      000003CD  R           n_code
L88              C M     LAB      000003DC  R           n_code
L89              C M     LAB      000003E0  R           n_code
L91              C M     LAB      000003FC  R           n_code
L95              C M     LAB      0000040F  R           n_code
L96              C M     LAB      00000404  R           n_code
L99              C M     LAB      0000041C  R           n_code
S50000           R M     LAB      0000005A  R           n_const
S50001           R M     LAB      0000006A  R           n_const
S50002           R M     LAB      0000009E  R           n_const
_1508CP0_c               MOD
_ADCCR1          D       LAB      0000000E  A PUB       
_ADCCR2          D       LAB      0000000F  A PUB       
_ADCDR1          D       LAB      00000020  A PUB       
_ADCDR2          D       LAB      00000021  A PUB       
_Adcpr           C M     LAB      00000055  R PUB       n_code
_Anionpre        C M     LAB      0000041F  R PUB       n_code
_Audio_Con       C M     LAB      0000048B  R PUB       n_code
_Contin_Keypr    C M     LAB      00000392  R PUB       n_code
_Delay           C M     LAB      000002A5  R PUB       n_code
_Detect_radio    C M     LAB      000006A6  R PUB       n_code
_Displayfre      C M     LAB      000007A9  R PUB       n_code
_EINTCR          D       LAB      00000037  A PUB       
_EIRH            D       LAB      0000003B  A PUB       
_EIRL            D       LAB      0000003A  A PUB       
_ERROCODE        D S     LAB      00000007  R PUB       t_area
_Eep_Rece        C M     LAB      000001F6  R PUB       n_code
_Eep_Send        C M     LAB      00000264  R PUB       n_code
_FLAG0           D S     LAB      00000000  R PUB       t_area
_FLAG1           D S     LAB      00000001  R PUB       t_area
_FLAG2           D S     LAB      00000002  R PUB       t_area
_FLAG3           D S     LAB      00000003  R PUB       t_area
_FLAG4           D S     LAB      00000004  R PUB       t_area
_FLAG5           D S     LAB      00000005  R PUB       t_area
_FLAG6           D S     LAB      00000006  R PUB       t_area
_FLAGI           D S     LAB      0000000A  R PUB       t_area
_FLAGX           D S     LAB      00000008  R PUB       t_area
_FLAGY           D S     LAB      00000009  R PUB       t_area
_Flashfrepr      C M     LAB      00000782  R PUB       n_code
_I4502Con        C M     LAB      00000493  R PUB       n_code
_ILH             D       LAB      0000003D  A PUB       
_ILL             D       LAB      0000003C  A PUB       
_INTSEL          D       LAB      0000003E  A PUB       
_INT_Dummy       C M     LAB      00000D9F  R PUB       n_code
_INT_Dummyn      C M     LAB      00000DA0  R PUB       n_code
_INT_INT0MP      C M     LAB      00000D9E  R PUB       n_code
_INT_INT1MP      C M     LAB      00000D9D  R PUB       n_code
_INT_INTTBTMP    C M     LAB      00000D9C  R PUB       n_code
_INT_INTTC1MP    C M     LAB      00000D44  R PUB       n_code
_INT_INTTC3MP    C M     LAB      00000D43  R PUB       n_code
_Int_Ini         C M     LAB      000000CA  R PUB       n_code
_Key_Air_Pump_pr
                 C M     LAB      000009CA  R PUB       n_code
_Key_Anion_pr    C M     LAB      000009FD  R PUB       n_code
_Key_Dn_pr       C M     LAB      00000BA7  R PUB       n_code
_Key_Dn_pr2      C M     LAB      00000C3C  R PUB       n_code
_Key_Fm_pr       C M     LAB      00000B53  R PUB       n_code
_Key_Light_pr    C M     LAB      00000A18  R PUB       n_code
_Key_Mem_pr      C M     LAB      00000A5C  R PUB       n_code
_Key_Num_pr      C M     LAB      00000AC5  R PUB       n_code
_Key_Up_pr       C M     LAB      00000B6D  R PUB       n_code
_Key_Up_pr2      C M     LAB      00000C2D  R PUB       n_code
_Key_Volkey_pr   C M     LAB      000009DE  R PUB       n_code
_Key_VolumDN_pr  C M     LAB      00000C07  R PUB       n_code
_Key_VolumUP_pr  C M     LAB      00000BE1  R PUB       n_code
_Key_Water_Pump_pr
                 C M     LAB      000009B6  R PUB       n_code
_Key_convert     C M     LAB      000008FC  R PUB       n_code
_Keypr           C M     LAB      00000954  R PUB       n_code
_LAMPION_TAB     R M     LAB      00000084  R           n_const
_Lcd_Display     C M     LAB      00000165  R PUB       n_code
_Mute_radio      C M     LAB      000006CE  R PUB       n_code
_NUMTAB          R M     LAB      00000000  R           n_const
_One_Secpr       C M     LAB      000002B2  R PUB       n_code
_P0DR            D       LAB      00000000  A PUB       
_P0OUTCR         D       LAB      0000000B  A PUB       
_P0PRD           D       LAB      0000000C  A PUB       
_P1CR            D       LAB      00000009  A PUB       
_P1DR            D       LAB      00000001  A PUB       
_P2DR            D       LAB      00000002  A PUB       
_P2PRD           D       LAB      0000000D  A PUB       
_P3CR            D       LAB      0000000A  A PUB       
_P3DR            D       LAB      00000003  A PUB       
_PWREG3          D       LAB      0000001E  A PUB       
_PWREG4          D       LAB      0000001F  A PUB       
_Panel_send      C M     LAB      00000C7D  R PUB       n_code
_Port_Ini        C M     LAB      0000003E  R PUB       n_code
_RDBUF           D       LAB      00000027  A PUB       
_R_aniontimer    D S     LAB      0000001A  R PUB       t_area
_R_audiostate    D S     LAB      00000037  R PUB       t_area
_R_buztimer      D S     LAB      00000018  R PUB       t_area
_R_clrbuff       D S     LAB      0000003D  R PUB       t_area
_R_continuekeytm
                 D S     LAB      00000012  R PUB       t_area
_R_controltype   D S     LAB      0000003A  R PUB       t_area
_R_curfrequency  D S     LAB      0000002C  R PUB       t_area
_R_curfrequencys
                 D S     LAB      0000002E  R PUB       t_area
_R_dispcounter   D S     LAB      00000038  R PUB       t_area
_R_displayph     D S     LAB      00000039  R PUB       t_area
_R_keycode_exec  D S     LAB      0000000D  R PUB       t_area
_R_keycodenew    D S     LAB      0000000B  R PUB       t_area
_R_keycodeold    D S     LAB      0000000C  R PUB       t_area
_R_keylight_cnt  D S     LAB      00000017  R PUB       t_area
_R_ledstate0     D S     LAB      00000013  R PUB       t_area
_R_ledstate1     D S     LAB      00000014  R PUB       t_area
_R_ledstate2     D S     LAB      00000015  R PUB       t_area
_R_ledstate3     D S     LAB      00000016  R PUB       t_area
_R_memflashtimer
                 D S     LAB      00000036  R PUB       t_area
_R_memstatetimer
                 D S     LAB      00000035  R PUB       t_area
_R_memstation    D S     LAB      00000032  R PUB       t_area
_R_memstation1   D S     LAB      00000033  R PUB       t_area
_R_memstation2   D S     LAB      00000034  R PUB       t_area
_R_onecounter    D S     LAB      0000001C  R PUB       t_area
_R_presetcounter
                 D S     LAB      00000019  R PUB       t_area
_R_radiomute     D S     LAB      0000001F  R PUB       t_area
_R_radioreadbuff
                 D S     LAB      00000025  R PUB       t_area
_R_radiosafetimer
                 D S     LAB      00000020  R PUB       t_area
_R_radiosrtimer  D S     LAB      0000001E  R PUB       t_area
_R_radiostate    D S     LAB      0000001D  R PUB       t_area
_R_radiowritebuff
                 D S     LAB      00000021  R PUB       t_area
_R_resettimer    D S     LAB      0000003C  R PUB       t_area
_R_scandisp_ph   D S     LAB      0000000F  R PUB       t_area
_R_scankey_ph    D S     LAB      0000000E  R PUB       t_area
_R_sckeycode     D S     LAB      00000010  R PUB       t_area
_R_srph          D S     LAB      00000029  R PUB       t_area
_R_srphtimer     D S     LAB      0000002A  R PUB       t_area
_R_timer1s       D S     LAB      00000040  R PUB       t_area
_R_timer20ms     D S     LAB      0000003F  R PUB       t_area
_R_timer50ms     D S     LAB      0000003E  R PUB       t_area
_R_volum         D S     LAB      00000030  R PUB       t_area
_R_volum0        D S     LAB      00000031  R PUB       t_area
_R_volumtimer    D S     LAB      0000003B  R PUB       t_area
_R_waterlevelcounter
                 D S     LAB      0000002B  R PUB       t_area
_Radio_Con       C M     LAB      000004A1  R PUB       n_code
_Radiocurpr      C M     LAB      000005B1  R PUB       n_code
_Radiost         C M     LAB      00000C4B  R PUB       n_code
_Read_Eep        C M     LAB      00000180  R PUB       n_code
_Read_Radio      C M     LAB      00000540  R PUB       n_code
_Readcontroltype
                 C M     LAB      0000006E  R PUB       n_code
_Reg_Ini         C M     LAB      000000EA  R PUB       n_code
_Relay_Con       C M     LAB      00000428  R PUB       n_code
_SCTAB           R M     LAB      0000008C  R           n_const
_SECR            D       LAB      0000002A  A PUB       
_SEDR            D       LAB      00000029  A PUB       
_SESR            D       LAB      00000028  A PUB       
_STOPCR          D       LAB      00000031  A PUB       
_SYSCR1          D       LAB      00000038  A PUB       
_SYSCR2          D       LAB      00000039  A PUB       
_Scan_Key        C M     LAB      000002FF  R PUB       n_code
_Scankeysub      C M     LAB      00000CA5  R PUB       n_code
_Scphpr          C M     LAB      00000CDF  R PUB       n_code
_TBL_INT         R       LAB      0000FFE0  A PUB       
_TBL_PR1500_keycode
                 R M     LAB      00000014  R PUB       n_const
_TBL_PR1501_keycode
                 R M     LAB      0000001E  R PUB       n_const
_TBL_PR1502_keycode
                 R M     LAB      00000028  R PUB       n_const
_TBL_PR1503_keycode
                 R M     LAB      00000032  R PUB       n_const
_TBL_PR1510A_keycode
                 R M     LAB      00000046  R PUB       n_const
_TBL_PR1510_keycode
                 R M     LAB      0000003C  R PUB       n_const
_TBL_PR1511_keycode
                 R M     LAB      00000050  R PUB       n_const
_TBTCR           D       LAB      00000036  A PUB       
_TC1CR           D       LAB      00000014  A PUB       
_TC1DRA          D       LAB      00000010  A PUB       
_TC1DRB          D       LAB      00000012  A PUB       
_TC3CR           D       LAB      0000001A  A PUB       
_TC4CR           D       LAB      0000001B  A PUB       
_TTREG3          D       LAB      0000001C  A PUB       
_TTREG4          D       LAB      0000001D  A PUB       
_UARTCR1         D       LAB      00000025  A PUB       
_UARTCR2         D       LAB      00000026  A PUB       
_Volum_Con       C M     LAB      00000762  R PUB       n_code
_Volumwrite      C M     LAB      000006F6  R PUB       n_code
_WDTCR1          D       LAB      00000034  A PUB       
_WDTCR2          D       LAB      00000035  A PUB       
_Water_Levepr    C M     LAB      000003E7  R PUB       n_code
_Write_Eep       C M     LAB      00000225  R PUB       n_code
_Write_Radio     C M     LAB      000004F5  R PUB       n_code
_startup         C M     LAB      00000000  R PUB       n_code
io_ADCCR1        D       SEC      0000000E  A 1         
io_ADCCR2        D       SEC      0000000F  A 1         
io_ADCDR1        D       SEC      00000020  A 1         
io_ADCDR2        D       SEC      00000021  A 1         
io_EINTCR        D       SEC      00000037  A 1         
io_EIRH          D       SEC      0000003B  A 1         
io_EIRL          D       SEC      0000003A  A 1         
io_ILH           D       SEC      0000003D  A 1         
io_ILL           D       SEC      0000003C  A 1         
io_INTSEL        D       SEC      0000003E  A 1         
io_P0DR          D       SEC      00000000  A 1         
io_P0OUTCR       D       SEC      0000000B  A 1         
io_P0PRD         D       SEC      0000000C  A 1         
io_P1CR          D       SEC      00000009  A 1         
io_P1DR          D       SEC      00000001  A 1         
io_P2DR          D       SEC      00000002  A 1         
io_P2PRD         D       SEC      0000000D  A 1         
io_P3CR          D       SEC      0000000A  A 1         
io_P3DR          D       SEC      00000003  A 1         
io_PWREG3        D       SEC      0000001E  A 1         
io_PWREG4        D       SEC      0000001F  A 1         
io_RDBUF         D       SEC      00000027  A 1         
io_SECR          D       SEC      0000002A  A 1         
io_SEDR          D       SEC      00000029  A 1         
io_SESR          D       SEC      00000028  A 1         
io_STOPCR        D       SEC      00000031  A 1         
io_SYSCR1        D       SEC      00000038  A 1         
io_SYSCR2        D       SEC      00000039  A 1         
io_TBTCR         D       SEC      00000036  A 1         
io_TC1CR         D       SEC      00000014  A 1         
io_TC1DRA        D       SEC      00000010  A 2         
io_TC1DRB        D       SEC      00000012  A 2         
io_TC3CR         D       SEC      0000001A  A 1         
io_TC4CR         D       SEC      0000001B  A 1         
io_TTREG3        D       SEC      0000001C  A 1         
io_TTREG4        D       SEC      0000001D  A 1         
io_UARTCR1       D       SEC      00000025  A 1         
io_UARTCR2       D       SEC      00000026  A 1         
io_WDTCR1        D       SEC      00000034  A 1         
io_WDTCR2        D       SEC      00000035  A 1         
n_code           C M     SEC      00000000  R DB3       
n_const          R M     SEC      00000000  R A6        
t_area           D S     SEC      00000000  R 41        


TOTAL
  438 user defined symbol(s)
    3 unreferenced external symbol(s)
